Player,Org,ProfileURL,Region,MatchID,MapNum,MapName,SeriesFormat,R2.0,ACS,K,D,A,KAST,ADR,HS%,FK,FD,K:D
frz,MIBR,https://www.vlr.gg/player/651/frz,Americas,232729,all,,bo3,1.06,233,33,31,10,73%,153,29%,8,4,1.06
jzz,MIBR,https://www.vlr.gg/player/13093/jzz,Americas,232729,all,,bo3,1.06,225,31,30,4,68%,146,33%,7,7,1.03
murizzz,MIBR,https://www.vlr.gg/player/783/murizzz,Americas,232729,all,,bo3,0.99,196,27,31,10,61%,143,29%,2,2,0.87
RgLMeister,MIBR,https://www.vlr.gg/player/5351/rglmeister,Americas,232729,all,,bo3,0.80,152,22,28,14,73%,102,23%,2,2,0.79
TxoziN,MIBR,https://www.vlr.gg/player/941/txozin,Americas,232729,all,,bo3,0.54,109,12,30,11,59%,78,9%,1,6,0.4
DaveeyS,KRÜ,https://www.vlr.gg/player/2764/daveeys,Americas,232729,all,,bo3,1.23,211,32,22,11,78%,134,26%,4,1,1.45
keznit,KRÜ,https://www.vlr.gg/player/2462/keznit,Americas,232729,all,,bo3,1.23,263,35,27,16,80%,173,15%,6,4,1.3
Klaus,KRÜ,https://www.vlr.gg/player/2610/klaus,Americas,232729,all,,bo3,1.23,217,33,27,26,78%,119,33%,3,7,1.22
Melser,KRÜ,https://www.vlr.gg/player/1311/melser,Americas,232729,all,,bo3,1.15,236,35,27,10,78%,150,28%,6,4,1.3
NagZ,KRÜ,https://www.vlr.gg/player/1294/nagz,Americas,232729,all,,bo3,0.82,118,15,22,21,71%,86,22%,2,4,0.68
mwzera,FUR,https://www.vlr.gg/player/939/mwzera,Americas,232731,all,,bo3,1.10,242,52,49,10,63%,156,15%,5,6,1.06
dgzin,FUR,https://www.vlr.gg/player/8873/dgzin,Americas,232731,all,,bo3,0.91,221,52,52,8,69%,135,30%,16,15,1.0
kon4n,FUR,https://www.vlr.gg/player/1671/kon4n,Americas,232731,all,,bo3,0.90,181,40,49,30,72%,131,19%,1,3,0.82
Khalil,FUR,https://www.vlr.gg/player/1711/khalil,Americas,232731,all,,bo3,0.89,159,39,44,20,75%,107,31%,4,1,0.89
mazin,FUR,https://www.vlr.gg/player/8872/mazin,Americas,232731,all,,bo3,0.88,175,40,47,22,72%,106,32%,6,10,0.85
keznit,KRÜ,https://www.vlr.gg/player/2462/keznit,Americas,232731,all,,bo3,1.56,316,71,45,16,81%,203,17%,8,8,1.58
Melser,KRÜ,https://www.vlr.gg/player/1311/melser,Americas,232731,all,,bo3,1.05,206,49,45,19,78%,128,37%,7,7,1.09
DaveeyS,KRÜ,https://www.vlr.gg/player/2764/daveeys,Americas,232731,all,,bo3,0.91,188,43,46,19,72%,111,30%,10,9,0.93
Klaus,KRÜ,https://www.vlr.gg/player/2610/klaus,Americas,232731,all,,bo3,0.89,167,42,46,25,82%,103,23%,8,4,0.91
NagZ,KRÜ,https://www.vlr.gg/player/1294/nagz,Americas,232731,all,,bo3,0.80,141,36,41,8,64%,93,21%,2,4,0.88
zekken,SEN,https://www.vlr.gg/player/4004/zekken,Americas,232730,all,,bo3,1.29,268,62,43,14,71%,185,30%,10,13,1.44
TenZ,SEN,https://www.vlr.gg/player/9/tenz,Americas,232730,all,,bo3,1.10,236,55,47,25,73%,143,21%,12,9,1.17
Sacy,SEN,https://www.vlr.gg/player/659/sacy,Americas,232730,all,,bo3,1.07,199,47,43,24,70%,139,27%,6,5,1.09
Marved,SEN,https://www.vlr.gg/player/263/marved,Americas,232730,all,,bo3,1.03,187,44,47,31,80%,122,29%,6,3,0.94
pANcada,SEN,https://www.vlr.gg/player/683/pancada,Americas,232730,all,,bo3,0.93,138,34,35,9,73%,105,28%,1,1,0.97
Cryocells,100T,https://www.vlr.gg/player/4147/cryocells,Americas,232730,all,,bo3,1.19,276,65,52,6,67%,170,29%,18,9,1.25
stellar,100T,https://www.vlr.gg/player/733/stellar,Americas,232730,all,,bo3,1.01,199,46,45,16,73%,135,25%,5,7,1.02
Asuna,100T,https://www.vlr.gg/player/601/asuna,Americas,232730,all,,bo3,0.94,195,41,46,18,70%,124,17%,6,6,0.89
bang,100T,https://www.vlr.gg/player/3880/bang,Americas,232730,all,,bo3,0.83,161,36,48,25,71%,118,29%,0,8,0.75
Derrek,100T,https://www.vlr.gg/player/1533/derrek,Americas,232730,all,,bo3,0.68,121,27,51,21,68%,87,30%,2,5,0.53
leaf,C9,https://www.vlr.gg/player/7873/leaf,Americas,232732,all,,bo3,1.19,243,52,44,14,73%,159,31%,9,5,1.18
Xeppaa,C9,https://www.vlr.gg/player/7871/xeppaa,Americas,232732,all,,bo3,1.13,255,50,46,25,78%,166,24%,7,12,1.09
Zellsis,C9,https://www.vlr.gg/player/729/zellsis,Americas,232732,all,,bo3,1.06,179,35,37,28,77%,112,20%,4,1,0.95
runi,C9,https://www.vlr.gg/player/16003/runi,Americas,232732,all,,bo3,1.01,159,36,40,26,72%,108,30%,3,2,0.9
jakee,C9,https://www.vlr.gg/player/8742/jakee,Americas,232732,all,,bo3,0.84,167,36,45,20,67%,117,39%,6,11,0.8
zekken,SEN,https://www.vlr.gg/player/4004/zekken,Americas,232732,all,,bo3,1.18,259,53,42,18,72%,177,19%,8,7,1.26
pANcada,SEN,https://www.vlr.gg/player/683/pancada,Americas,232732,all,,bo3,1.09,177,39,33,10,73%,125,27%,2,3,1.18
Sacy,SEN,https://www.vlr.gg/player/659/sacy,Americas,232732,all,,bo3,1.09,218,48,40,25,73%,135,28%,4,2,1.2
TenZ,SEN,https://www.vlr.gg/player/9/tenz,Americas,232732,all,,bo3,0.90,199,38,48,40,78%,122,19%,8,6,0.79
Marved,SEN,https://www.vlr.gg/player/263/marved,Americas,232732,all,,bo3,0.75,168,34,46,21,72%,112,25%,9,11,0.74
kiNgg,LEV,https://www.vlr.gg/player/8549/kingg,Americas,232733,all,,bo3,1.40,292,38,27,8,71%,189,37%,2,5,1.41
Shyy,LEV,https://www.vlr.gg/player/24007/shyy,Americas,232733,all,,bo3,1.01,192,24,29,10,66%,143,30%,2,3,0.83
nzr,LEV,https://www.vlr.gg/player/725/nzr,Americas,232733,all,,bo3,0.82,153,18,26,6,76%,107,17%,2,4,0.69
Mazino,LEV,https://www.vlr.gg/player/7603/mazino,Americas,232733,all,,bo3,0.59,167,21,33,14,63%,111,21%,2,6,0.64
Tacolilla,LEV,https://www.vlr.gg/player/3828/tacolilla,Americas,232733,all,,bo3,0.34,109,14,33,2,45%,75,19%,4,8,0.42
keznit,KRÜ,https://www.vlr.gg/player/2462/keznit,Americas,232733,all,,bo3,1.70,337,44,24,10,92%,218,16%,8,4,1.83
DaveeyS,KRÜ,https://www.vlr.gg/player/2764/daveeys,Americas,232733,all,,bo3,1.33,188,29,18,4,68%,133,42%,2,2,1.61
Klaus,KRÜ,https://www.vlr.gg/player/2610/klaus,Americas,232733,all,,bo3,1.06,199,26,25,23,84%,130,26%,7,2,1.04
Melser,KRÜ,https://www.vlr.gg/player/1311/melser,Americas,232733,all,,bo3,1.00,192,28,23,8,84%,122,38%,4,2,1.22
NagZ,KRÜ,https://www.vlr.gg/player/1294/nagz,Americas,232733,all,,bo3,0.84,155,21,25,12,76%,113,27%,5,2,0.84
leaf,C9,https://www.vlr.gg/player/7873/leaf,Americas,232734,all,,bo3,1.14,251,48,42,12,72%,174,29%,9,11,1.14
runi,C9,https://www.vlr.gg/player/16003/runi,Americas,232734,all,,bo3,0.96,174,34,35,13,75%,119,29%,4,2,0.97
jakee,C9,https://www.vlr.gg/player/8742/jakee,Americas,232734,all,,bo3,0.93,199,37,42,20,74%,125,34%,5,6,0.88
Zellsis,C9,https://www.vlr.gg/player/729/zellsis,Americas,232734,all,,bo3,0.77,164,28,38,10,68%,113,15%,4,5,0.74
Xeppaa,C9,https://www.vlr.gg/player/7871/xeppaa,Americas,232734,all,,bo3,0.68,158,26,43,23,60%,100,20%,1,6,0.6
NagZ,KRÜ,https://www.vlr.gg/player/1294/nagz,Americas,232734,all,,bo3,1.25,195,38,27,12,79%,132,25%,5,1,1.41
Klaus,KRÜ,https://www.vlr.gg/player/2610/klaus,Americas,232734,all,,bo3,1.18,236,48,38,18,79%,147,23%,7,1,1.26
DaveeyS,KRÜ,https://www.vlr.gg/player/2764/daveeys,Americas,232734,all,,bo3,1.10,188,37,32,13,72%,129,30%,5,6,1.16
Melser,KRÜ,https://www.vlr.gg/player/1311/melser,Americas,232734,all,,bo3,1.06,211,39,35,25,79%,136,28%,6,5,1.11
keznit,KRÜ,https://www.vlr.gg/player/2462/keznit,Americas,232734,all,,bo3,1.03,218,38,41,27,77%,156,24%,7,10,0.93
TenZ,SEN,https://www.vlr.gg/player/9/tenz,Americas,232736,all,,bo3,1.01,209,27,30,11,63%,137,39%,3,3,0.9
pANcada,SEN,https://www.vlr.gg/player/683/pancada,Americas,232736,all,,bo3,0.97,195,26,28,8,68%,128,27%,4,3,0.93
zekken,SEN,https://www.vlr.gg/player/4004/zekken,Americas,232736,all,,bo3,0.82,215,26,33,9,68%,146,19%,5,8,0.79
Marved,SEN,https://www.vlr.gg/player/263/marved,Americas,232736,all,,bo3,0.62,153,20,31,12,55%,113,26%,1,4,0.65
Sacy,SEN,https://www.vlr.gg/player/659/sacy,Americas,232736,all,,bo3,0.54,109,15,32,16,68%,72,21%,2,5,0.47
Mazino,LEV,https://www.vlr.gg/player/7603/mazino,Americas,232736,all,,bo3,1.44,270,39,21,11,84%,167,26%,4,1,1.86
kiNgg,LEV,https://www.vlr.gg/player/8549/kingg,Americas,232736,all,,bo3,1.37,258,35,21,8,79%,157,25%,9,5,1.67
Shyy,LEV,https://www.vlr.gg/player/24007/shyy,Americas,232736,all,,bo3,1.20,187,25,23,22,82%,124,28%,1,2,1.09
nzr,LEV,https://www.vlr.gg/player/725/nzr,Americas,232736,all,,bo3,1.15,207,28,24,21,84%,138,16%,2,3,1.17
Tacolilla,LEV,https://www.vlr.gg/player/3828/tacolilla,Americas,232736,all,,bo3,0.91,199,27,25,3,74%,128,20%,7,4,1.08
Zellsis,C9,https://www.vlr.gg/player/729/zellsis,Americas,232737,all,,bo5,1.00,169,69,71,26,71%,111,19%,6,8,0.97
jakee,C9,https://www.vlr.gg/player/8742/jakee,Americas,232737,all,,bo5,0.98,195,76,82,28,73%,128,28%,6,10,0.93
Xeppaa,C9,https://www.vlr.gg/player/7871/xeppaa,Americas,232737,all,,bo5,0.89,187,70,84,40,72%,122,18%,6,11,0.83
runi,C9,https://www.vlr.gg/player/16003/runi,Americas,232737,all,,bo5,0.89,168,64,79,29,66%,109,26%,4,4,0.81
leaf,C9,https://www.vlr.gg/player/7873/leaf,Americas,232737,all,,bo5,0.79,207,73,92,19,60%,135,23%,22,32,0.79
nzr,LEV,https://www.vlr.gg/player/725/nzr,Americas,232737,all,,bo5,1.21,219,84,63,36,83%,144,21%,14,4,1.33
Shyy,LEV,https://www.vlr.gg/player/24007/shyy,Americas,232737,all,,bo5,1.15,209,85,67,32,78%,144,24%,9,5,1.27
kiNgg,LEV,https://www.vlr.gg/player/8549/kingg,Americas,232737,all,,bo5,1.10,213,77,70,56,83%,140,29%,9,8,1.1
Mazino,LEV,https://www.vlr.gg/player/7603/mazino,Americas,232737,all,,bo5,1.09,219,85,72,35,73%,141,25%,9,8,1.18
Tacolilla,LEV,https://www.vlr.gg/player/3828/tacolilla,Americas,232737,all,,bo5,0.94,205,77,80,20,74%,135,19%,24,19,0.96
keznit,KRÜ,https://www.vlr.gg/player/2462/keznit,Americas,232735,all,,bo5,1.18,262,73,59,21,81%,167,16%,18,8,1.24
Melser,KRÜ,https://www.vlr.gg/player/1311/melser,Americas,232735,all,,bo5,1.15,189,60,45,21,73%,124,30%,5,6,1.33
Klaus,KRÜ,https://www.vlr.gg/player/2610/klaus,Americas,232735,all,,bo5,1.05,208,57,53,41,77%,129,18%,10,8,1.08
DaveeyS,KRÜ,https://www.vlr.gg/player/2764/daveeys,Americas,232735,all,,bo5,0.99,169,52,46,11,73%,113,29%,7,10,1.13
NagZ,KRÜ,https://www.vlr.gg/player/1294/nagz,Americas,232735,all,,bo5,0.88,151,43,51,21,74%,105,27%,4,5,0.84
kiNgg,LEV,https://www.vlr.gg/player/8549/kingg,Americas,232735,all,,bo5,1.23,217,63,49,32,78%,152,27%,10,9,1.29
nzr,LEV,https://www.vlr.gg/player/725/nzr,Americas,232735,all,,bo5,0.92,147,42,50,21,77%,100,21%,0,4,0.84
Tacolilla,LEV,https://www.vlr.gg/player/3828/tacolilla,Americas,232735,all,,bo5,0.90,188,52,59,13,67%,121,15%,17,17,0.88
Shyy,LEV,https://www.vlr.gg/player/24007/shyy,Americas,232735,all,,bo5,0.83,174,47,61,18,59%,129,22%,4,6,0.77
Mazino,LEV,https://www.vlr.gg/player/7603/mazino,Americas,232735,all,,bo5,0.78,179,50,66,33,68%,117,20%,6,8,0.76
AvovA,TH,https://www.vlr.gg/player/1507/avova,EMEA,235363,all,,bo3,1.14,209,47,44,24,79%,132,25%,7,2,1.07
benjyfishy,TH,https://www.vlr.gg/player/29873/benjyfishy,EMEA,235363,all,,bo3,0.87,175,43,48,13,63%,117,35%,2,8,0.9
keloqz,TH,https://www.vlr.gg/player/3582/keloqz,EMEA,235363,all,,bo3,0.86,199,45,47,9,70%,128,27%,8,7,0.96
Mixwell,TH,https://www.vlr.gg/player/93/mixwell,EMEA,235363,all,,bo3,0.70,166,35,50,15,67%,108,22%,7,11,0.7
Boo,TH,https://www.vlr.gg/player/1144/boo,EMEA,235363,all,,bo3,0.57,115,24,45,10,70%,77,38%,3,8,0.53
trexx,MKOI,https://www.vlr.gg/player/2168/trexx,EMEA,235363,all,,bo3,1.28,253,53,39,25,81%,166,20%,8,5,1.36
starxo,MKOI,https://www.vlr.gg/player/565/starxo,EMEA,235363,all,,bo3,1.26,212,50,36,24,70%,144,30%,3,4,1.39
Wolfen,MKOI,https://www.vlr.gg/player/9558/wolfen,EMEA,235363,all,,bo3,1.19,269,61,49,13,76%,167,25%,15,14,1.24
sheydos,MKOI,https://www.vlr.gg/player/1428/sheydos,EMEA,235363,all,,bo3,1.15,171,39,34,21,76%,116,24%,5,2,1.15
koldamenta,MKOI,https://www.vlr.gg/player/339/koldamenta,EMEA,235363,all,,bo3,0.92,141,30,36,35,86%,82,19%,5,2,0.83
Turko,BBL,https://www.vlr.gg/player/568/turko,EMEA,235364,all,,bo3,1.07,188,49,45,23,74%,127,35%,4,5,1.09
QutionerX,BBL,https://www.vlr.gg/player/10161/qutionerx,EMEA,235364,all,,bo3,1.05,228,61,53,9,64%,153,25%,8,13,1.15
AsLanM4shadoW,BBL,https://www.vlr.gg/player/1481/aslanm4shadow,EMEA,235364,all,,bo3,0.86,181,44,58,14,59%,131,23%,4,11,0.76
Brave,BBL,https://www.vlr.gg/player/8041/brave,EMEA,235364,all,,bo3,0.86,170,41,52,26,64%,107,29%,2,9,0.79
SouhcNi,BBL,https://www.vlr.gg/player/556/souhcni,EMEA,235364,all,,bo3,0.82,168,39,53,17,66%,118,23%,9,9,0.74
Nivera,KC,https://www.vlr.gg/player/14669/nivera,EMEA,235364,all,,bo3,1.28,246,68,45,14,69%,154,30%,11,7,1.51
ScreaM,KC,https://www.vlr.gg/player/92/scream,EMEA,235364,all,,bo3,1.22,295,75,55,14,74%,197,27%,21,11,1.36
xms,KC,https://www.vlr.gg/player/4603/xms,EMEA,235364,all,,bo3,1.01,165,45,44,26,76%,112,38%,8,3,1.02
sh1n,KC,https://www.vlr.gg/player/2625/sh1n,EMEA,235364,all,,bo3,0.99,173,45,48,35,78%,113,30%,5,4,0.94
ZE1SH,KC,https://www.vlr.gg/player/302/ze1sh,EMEA,235364,all,,bo3,0.80,113,28,42,26,70%,76,21%,2,2,0.67
Shao,NAVI,https://www.vlr.gg/player/384/shao,EMEA,235365,all,,bo3,1.07,202,24,25,12,69%,144,35%,0,1,0.96
Zyppan,NAVI,https://www.vlr.gg/player/11/zyppan,EMEA,235365,all,,bo3,0.72,193,24,29,4,77%,133,31%,4,1,0.83
cNed,NAVI,https://www.vlr.gg/player/573/cned,EMEA,235365,all,,bo3,0.67,184,20,32,7,63%,124,39%,8,7,0.62
SUYGETSU,NAVI,https://www.vlr.gg/player/2858/suygetsu,EMEA,235365,all,,bo3,0.61,127,16,28,2,57%,88,32%,1,4,0.57
ANGE1,NAVI,https://www.vlr.gg/player/109/ange1,EMEA,235365,all,,bo3,0.55,136,15,31,9,51%,92,22%,6,3,0.48
trexx,MKOI,https://www.vlr.gg/player/2168/trexx,EMEA,235365,all,,bo3,1.56,311,40,24,12,83%,196,11%,7,4,1.67
Wolfen,MKOI,https://www.vlr.gg/player/9558/wolfen,EMEA,235365,all,,bo3,1.37,286,36,23,7,89%,190,29%,7,5,1.57
starxo,MKOI,https://www.vlr.gg/player/565/starxo,EMEA,235365,all,,bo3,1.33,220,30,17,16,91%,126,18%,1,2,1.76
sheydos,MKOI,https://www.vlr.gg/player/1428/sheydos,EMEA,235365,all,,bo3,1.03,159,20,18,14,77%,106,20%,0,1,1.11
koldamenta,MKOI,https://www.vlr.gg/player/339/koldamenta,EMEA,235365,all,,bo3,1.01,133,19,17,15,71%,77,15%,1,7,1.12
hoody,GIA,https://www.vlr.gg/player/2690/hoody,EMEA,235366,all,,bo3,1.32,239,36,27,20,83%,155,21%,3,0,1.33
nukkye,GIA,https://www.vlr.gg/player/3070/nukkye,EMEA,235366,all,,bo3,1.19,190,33,25,12,79%,136,17%,2,2,1.32
Cloud,GIA,https://www.vlr.gg/player/4181/cloud,EMEA,235366,all,,bo3,1.15,234,35,29,16,71%,159,27%,6,7,1.21
Fit1nho,GIA,https://www.vlr.gg/player/292/fit1nho,EMEA,235366,all,,bo3,1.01,218,29,29,10,71%,143,25%,6,8,1.0
rhyme,GIA,https://www.vlr.gg/player/10/rhyme,EMEA,235366,all,,bo3,0.84,165,24,30,14,83%,105,27%,5,3,0.8
Nivera,KC,https://www.vlr.gg/player/14669/nivera,EMEA,235366,all,,bo3,1.17,242,37,29,5,74%,151,36%,3,2,1.28
ScreaM,KC,https://www.vlr.gg/player/92/scream,EMEA,235366,all,,bo3,1.09,258,36,34,13,79%,171,26%,9,5,1.06
sh1n,KC,https://www.vlr.gg/player/2625/sh1n,EMEA,235366,all,,bo3,1.07,189,28,29,16,74%,130,28%,4,5,0.97
xms,KC,https://www.vlr.gg/player/4603/xms,EMEA,235366,all,,bo3,0.68,138,22,32,9,62%,98,36%,2,5,0.69
ZE1SH,KC,https://www.vlr.gg/player/302/ze1sh,EMEA,235366,all,,bo3,0.50,112,17,33,11,57%,77,27%,2,5,0.52
sheydos,MKOI,https://www.vlr.gg/player/1428/sheydos,EMEA,235367,all,,bo3,0.95,161,28,31,3,66%,117,36%,3,4,0.9
Wolfen,MKOI,https://www.vlr.gg/player/9558/wolfen,EMEA,235367,all,,bo3,0.94,221,33,36,7,66%,140,22%,8,8,0.92
trexx,MKOI,https://www.vlr.gg/player/2168/trexx,EMEA,235367,all,,bo3,0.92,212,28,33,9,55%,136,21%,3,7,0.85
starxo,MKOI,https://www.vlr.gg/player/565/starxo,EMEA,235367,all,,bo3,0.85,158,25,33,22,68%,93,19%,2,5,0.76
koldamenta,MKOI,https://www.vlr.gg/player/339/koldamenta,EMEA,235367,all,,bo3,0.51,76,12,30,18,55%,51,30%,1,3,0.4
Fit1nho,GIA,https://www.vlr.gg/player/292/fit1nho,EMEA,235367,all,,bo3,1.44,296,48,26,5,86%,188,36%,12,7,1.85
hoody,GIA,https://www.vlr.gg/player/2690/hoody,EMEA,235367,all,,bo3,1.26,201,30,25,29,82%,124,20%,3,3,1.2
nukkye,GIA,https://www.vlr.gg/player/3070/nukkye,EMEA,235367,all,,bo3,1.14,198,30,23,14,75%,134,19%,5,2,1.3
Cloud,GIA,https://www.vlr.gg/player/4181/cloud,EMEA,235367,all,,bo3,1.00,184,28,26,13,80%,117,25%,6,4,1.08
rhyme,GIA,https://www.vlr.gg/player/10/rhyme,EMEA,235367,all,,bo3,0.98,163,27,26,21,86%,114,29%,1,1,1.04
Shao,NAVI,https://www.vlr.gg/player/384/shao,EMEA,235371,all,,bo3,1.49,229,51,31,22,73%,155,40%,2,0,1.65
Zyppan,NAVI,https://www.vlr.gg/player/11/zyppan,EMEA,235371,all,,bo3,1.24,201,41,36,42,86%,126,26%,5,4,1.14
SUYGETSU,NAVI,https://www.vlr.gg/player/2858/suygetsu,EMEA,235371,all,,bo3,1.21,229,49,36,17,80%,153,38%,3,4,1.36
cNed,NAVI,https://www.vlr.gg/player/573/cned,EMEA,235371,all,,bo3,0.92,194,38,40,13,76%,134,26%,6,9,0.95
ANGE1,NAVI,https://www.vlr.gg/player/109/ange1,EMEA,235371,all,,bo3,0.71,181,34,46,18,58%,124,26%,13,13,0.74
ScreaM,KC,https://www.vlr.gg/player/92/scream,EMEA,235371,all,,bo3,1.12,261,50,48,17,66%,169,28%,17,13,1.04
ZE1SH,KC,https://www.vlr.gg/player/302/ze1sh,EMEA,235371,all,,bo3,1.02,189,43,42,12,64%,129,31%,3,3,1.02
xms,KC,https://www.vlr.gg/player/4603/xms,EMEA,235371,all,,bo3,0.98,165,39,40,18,71%,112,33%,3,4,0.97
sh1n,KC,https://www.vlr.gg/player/2625/sh1n,EMEA,235371,all,,bo3,0.90,148,30,39,28,71%,93,37%,3,1,0.77
Nivera,KC,https://www.vlr.gg/player/14669/nivera,EMEA,235371,all,,bo3,0.59,144,27,44,19,64%,93,22%,4,8,0.61
sheydos,MKOI,https://www.vlr.gg/player/1428/sheydos,EMEA,235372,all,,bo5,0.99,164,42,45,16,68%,113,26%,3,3,0.93
starxo,MKOI,https://www.vlr.gg/player/565/starxo,EMEA,235372,all,,bo5,0.93,179,47,50,21,68%,116,21%,2,4,0.94
trexx,MKOI,https://www.vlr.gg/player/2168/trexx,EMEA,235372,all,,bo5,0.92,212,49,55,21,73%,140,18%,9,9,0.89
Wolfen,MKOI,https://www.vlr.gg/player/9558/wolfen,EMEA,235372,all,,bo5,0.88,222,55,56,8,66%,140,27%,17,12,0.98
koldamenta,MKOI,https://www.vlr.gg/player/339/koldamenta,EMEA,235372,all,,bo5,0.73,124,28,52,30,63%,88,18%,3,9,0.54
SUYGETSU,NAVI,https://www.vlr.gg/player/2858/suygetsu,EMEA,235372,all,,bo5,1.32,223,59,38,14,79%,145,38%,6,2,1.55
Zyppan,NAVI,https://www.vlr.gg/player/11/zyppan,EMEA,235372,all,,bo5,1.21,237,63,48,16,68%,158,23%,4,10,1.31
cNed,NAVI,https://www.vlr.gg/player/573/cned,EMEA,235372,all,,bo5,1.17,217,58,44,9,66%,138,26%,12,10,1.32
Shao,NAVI,https://www.vlr.gg/player/384/shao,EMEA,235372,all,,bo5,1.02,157,38,39,30,83%,108,29%,2,4,0.97
ANGE1,NAVI,https://www.vlr.gg/player/109/ange1,EMEA,235372,all,,bo5,0.84,181,40,52,26,70%,133,28%,13,8,0.77
Fit1nho,GIA,https://www.vlr.gg/player/292/fit1nho,EMEA,235368,all,,bo5,1.44,232,59,39,41,85%,146,36%,4,1,1.51
nukkye,GIA,https://www.vlr.gg/player/3070/nukkye,EMEA,235368,all,,bo5,1.21,209,56,41,27,80%,135,28%,3,2,1.37
hoody,GIA,https://www.vlr.gg/player/2690/hoody,EMEA,235368,all,,bo5,1.18,227,50,41,16,77%,153,30%,10,4,1.22
rhyme,GIA,https://www.vlr.gg/player/10/rhyme,EMEA,235368,all,,bo5,1.01,218,50,51,19,71%,157,22%,10,9,0.98
Cloud,GIA,https://www.vlr.gg/player/4181/cloud,EMEA,235368,all,,bo5,0.91,212,50,48,10,68%,134,24%,10,13,1.04
Shao,NAVI,https://www.vlr.gg/player/384/shao,EMEA,235368,all,,bo5,1.00,190,51,47,11,73%,126,45%,4,2,1.09
cNed,NAVI,https://www.vlr.gg/player/573/cned,EMEA,235368,all,,bo5,0.99,222,51,55,11,64%,144,28%,8,13,0.93
SUYGETSU,NAVI,https://www.vlr.gg/player/2858/suygetsu,EMEA,235368,all,,bo5,0.93,181,43,50,9,65%,123,31%,6,4,0.86
Zyppan,NAVI,https://www.vlr.gg/player/11/zyppan,EMEA,235368,all,,bo5,0.78,196,43,56,14,67%,138,35%,6,8,0.77
ANGE1,NAVI,https://www.vlr.gg/player/109/ange1,EMEA,235368,all,,bo5,0.53,133,32,57,20,70%,90,40%,5,10,0.56
Patiphan,TLN,https://www.vlr.gg/player/2452/patiphan,Pacific,237266,all,,bo3,1.27,254,38,28,22,71%,156,30%,4,5,1.36
garnetS,TLN,https://www.vlr.gg/player/18035/garnets,Pacific,237266,all,,bo3,1.23,271,39,28,6,71%,166,32%,11,2,1.39
foxz,TLN,https://www.vlr.gg/player/6723/foxz,Pacific,237266,all,,bo3,1.17,207,28,26,20,78%,140,23%,3,3,1.08
JitBoyS,TLN,https://www.vlr.gg/player/13788/jitboys,Pacific,237266,all,,bo3,1.00,171,25,22,9,78%,115,27%,2,3,1.14
Crws,TLN,https://www.vlr.gg/player/3977/crws,Pacific,237266,all,,bo3,0.99,158,24,23,19,71%,98,29%,4,4,1.04
Anthem,DFM,https://www.vlr.gg/player/6700/anthem,Pacific,237266,all,,bo3,1.24,246,37,29,10,71%,161,36%,2,5,1.28
Reita,DFM,https://www.vlr.gg/player/1003/reita,Pacific,237266,all,,bo3,1.01,224,32,30,3,66%,136,19%,4,3,1.07
takej,DFM,https://www.vlr.gg/player/1002/takej,Pacific,237266,all,,bo3,0.82,168,24,32,13,63%,110,53%,4,3,0.75
Suggest,DFM,https://www.vlr.gg/player/4559/suggest,Pacific,237266,all,,bo3,0.76,145,19,30,19,66%,94,30%,3,5,0.63
Seoldam,DFM,https://www.vlr.gg/player/10584/seoldam,Pacific,237266,all,,bo3,0.60,142,9,17,5,71%,102,22%,3,4,0.53
xnfri,DFM,https://www.vlr.gg/player/7718/xnfri,Pacific,237266,all,,bo3,0.40,111,6,16,3,55%,85,17%,1,4,0.38
EJAY,RRQ,https://www.vlr.gg/player/7403/ejay,Pacific,237267,all,,bo3,1.40,269,49,29,6,72%,169,24%,7,7,1.69
2GE,RRQ,https://www.vlr.gg/player/9735/2ge,Pacific,237267,all,,bo3,1.36,229,19,15,15,78%,131,17%,1,1,1.27
Emman,RRQ,https://www.vlr.gg/player/9747/emman,Pacific,237267,all,,bo3,1.09,261,20,20,4,70%,162,31%,4,4,1.0
xffero,RRQ,https://www.vlr.gg/player/4871/xffero,Pacific,237267,all,,bo3,0.87,177,28,32,20,70%,104,17%,4,5,0.88
fl1pzjder,RRQ,https://www.vlr.gg/player/7045/fl1pzjder,Pacific,237267,all,,bo3,0.87,145,22,31,30,74%,103,25%,0,5,0.71
Lmemore,RRQ,https://www.vlr.gg/player/7764/lmemore,Pacific,237267,all,,bo3,0.74,180,29,36,10,63%,121,25%,2,6,0.81
Monyet,GE,https://www.vlr.gg/player/8497/monyet,Pacific,237267,all,,bo3,1.34,245,38,30,23,85%,171,27%,8,5,1.27
t3xture,GE,https://www.vlr.gg/player/9196/t3xture,Pacific,237267,all,,bo3,1.19,229,40,32,6,70%,144,33%,7,3,1.25
Bazzi,GE,https://www.vlr.gg/player/805/bazzi,Pacific,237267,all,,bo3,1.02,238,36,36,16,76%,149,13%,8,3,1.0
AYRIN,GE,https://www.vlr.gg/player/824/ayrin,Pacific,237267,all,,bo3,0.81,156,25,33,14,65%,101,18%,2,2,0.76
SkRossi,GE,https://www.vlr.gg/player/4095/skrossi,Pacific,237267,all,,bo3,0.57,140,24,36,5,63%,93,29%,3,5,0.67
TS,GEN,https://www.vlr.gg/player/983/ts,Pacific,237268,all,,bo3,1.38,247,66,49,34,75%,162,25%,4,3,1.35
Meteor,GEN,https://www.vlr.gg/player/13039/meteor,Pacific,237268,all,,bo3,1.08,244,61,56,12,73%,158,31%,16,12,1.09
k1Ng,GEN,https://www.vlr.gg/player/771/k1ng,Pacific,237268,all,,bo3,1.06,216,58,51,12,71%,136,19%,8,8,1.14
Sylvan,GEN,https://www.vlr.gg/player/4056/sylvan,Pacific,237268,all,,bo3,0.90,171,43,55,36,67%,112,27%,5,7,0.78
GodDead,GEN,https://www.vlr.gg/player/4827/goddead,Pacific,237268,all,,bo3,0.83,135,32,51,46,77%,88,20%,4,8,0.63
garnetS,TLN,https://www.vlr.gg/player/18035/garnets,Pacific,237268,all,,bo3,1.11,260,66,54,9,72%,162,25%,18,12,1.22
foxz,TLN,https://www.vlr.gg/player/6723/foxz,Pacific,237268,all,,bo3,1.01,182,49,52,33,71%,123,35%,2,0,0.94
JitBoyS,TLN,https://www.vlr.gg/player/13788/jitboys,Pacific,237268,all,,bo3,0.96,201,54,52,13,65%,134,34%,4,9,1.04
Patiphan,TLN,https://www.vlr.gg/player/2452/patiphan,Pacific,237268,all,,bo3,0.91,195,52,54,22,67%,129,25%,10,11,0.96
Crws,TLN,https://www.vlr.gg/player/3977/crws,Pacific,237268,all,,bo3,0.88,157,41,49,27,73%,107,29%,4,5,0.84
Dep,ZETA,https://www.vlr.gg/player/424/dep,Pacific,237269,all,,bo3,1.18,215,66,55,17,76%,159,32%,8,6,1.2
SugarZ3ro,ZETA,https://www.vlr.gg/player/6668/sugarz3ro,Pacific,237269,all,,bo3,1.01,165,52,53,44,78%,123,28%,5,8,0.98
TENNN,ZETA,https://www.vlr.gg/player/1395/tennn,Pacific,237269,all,,bo3,0.96,221,62,58,10,74%,144,22%,15,14,1.07
crow,ZETA,https://www.vlr.gg/player/1000/crow,Pacific,237269,all,,bo3,0.89,180,44,58,42,76%,122,24%,8,2,0.76
Laz,ZETA,https://www.vlr.gg/player/999/laz,Pacific,237269,all,,bo3,0.87,165,43,53,22,70%,114,23%,4,6,0.81
2GE,RRQ,https://www.vlr.gg/player/9735/2ge,Pacific,237269,all,,bo3,1.28,192,39,31,38,84%,135,26%,0,0,1.26
xffero,RRQ,https://www.vlr.gg/player/4871/xffero,Pacific,237269,all,,bo3,1.28,275,66,51,27,74%,170,23%,8,3,1.29
Lmemore,RRQ,https://www.vlr.gg/player/7764/lmemore,Pacific,237269,all,,bo3,1.19,250,70,54,12,74%,161,32%,8,9,1.3
EJAY,RRQ,https://www.vlr.gg/player/7403/ejay,Pacific,237269,all,,bo3,0.97,192,55,56,11,68%,132,22%,13,10,0.98
fl1pzjder,RRQ,https://www.vlr.gg/player/7045/fl1pzjder,Pacific,237269,all,,bo3,0.82,161,38,57,41,79%,106,24%,6,14,0.67
Emman,RRQ,https://www.vlr.gg/player/9747/emman,Pacific,237269,all,,bo3,0.55,144,9,19,4,76%,103,25%,1,4,0.47
invy,TS,https://www.vlr.gg/player/8504/invy,Pacific,237270,all,,bo3,1.33,224,34,22,24,85%,139,36%,6,2,1.55
DubsteP,TS,https://www.vlr.gg/player/2679/dubstep,Pacific,237270,all,,bo3,1.32,227,37,23,4,80%,161,40%,4,2,1.61
Jremy,TS,https://www.vlr.gg/player/7405/jremy,Pacific,237270,all,,bo3,1.30,261,38,25,14,78%,164,17%,9,9,1.52
BORKUM,TS,https://www.vlr.gg/player/2333/borkum,Pacific,237270,all,,bo3,1.28,207,30,22,26,85%,139,27%,3,1,1.36
JessieVash,TS,https://www.vlr.gg/player/2334/jessievash,Pacific,237270,all,,bo3,0.87,183,23,27,17,78%,123,17%,2,2,0.85
Meteor,GEN,https://www.vlr.gg/player/13039/meteor,Pacific,237270,all,,bo3,1.32,260,37,30,6,73%,166,34%,8,4,1.23
TS,GEN,https://www.vlr.gg/player/983/ts,Pacific,237270,all,,bo3,1.00,196,26,31,9,68%,142,17%,0,2,0.84
Sylvan,GEN,https://www.vlr.gg/player/4056/sylvan,Pacific,237270,all,,bo3,0.84,170,25,33,17,68%,104,32%,2,2,0.76
k1Ng,GEN,https://www.vlr.gg/player/771/k1ng,Pacific,237270,all,,bo3,0.60,140,18,34,7,55%,102,23%,3,7,0.53
GodDead,GEN,https://www.vlr.gg/player/4827/goddead,Pacific,237270,all,,bo3,0.44,129,13,34,20,60%,88,20%,3,9,0.38
Laz,ZETA,https://www.vlr.gg/player/999/laz,Pacific,237271,all,,bo3,1.46,281,42,22,4,74%,176,25%,9,4,1.91
crow,ZETA,https://www.vlr.gg/player/1000/crow,Pacific,237271,all,,bo3,1.40,221,35,19,17,81%,143,33%,3,0,1.84
SugarZ3ro,ZETA,https://www.vlr.gg/player/6668/sugarz3ro,Pacific,237271,all,,bo3,1.04,170,28,23,22,83%,102,22%,1,1,1.22
TENNN,ZETA,https://www.vlr.gg/player/1395/tennn,Pacific,237271,all,,bo3,0.98,223,32,26,8,74%,146,28%,7,7,1.23
Dep,ZETA,https://www.vlr.gg/player/424/dep,Pacific,237271,all,,bo3,0.83,184,25,29,9,67%,120,21%,6,4,0.86
invy,TS,https://www.vlr.gg/player/8504/invy,Pacific,237271,all,,bo3,1.06,196,29,33,19,62%,130,30%,2,1,0.88
Jremy,TS,https://www.vlr.gg/player/7405/jremy,Pacific,237271,all,,bo3,0.93,209,28,32,2,57%,136,26%,2,5,0.88
DubsteP,TS,https://www.vlr.gg/player/2679/dubstep,Pacific,237271,all,,bo3,0.84,177,25,32,6,50%,132,18%,6,11,0.78
BORKUM,TS,https://www.vlr.gg/player/2333/borkum,Pacific,237271,all,,bo3,0.73,145,22,33,9,64%,87,19%,3,3,0.67
JessieVash,TS,https://www.vlr.gg/player/2334/jessievash,Pacific,237271,all,,bo3,0.62,130,15,32,11,55%,96,27%,3,6,0.47
2GE,RRQ,https://www.vlr.gg/player/9735/2ge,Pacific,237272,all,,bo3,1.20,189,39,33,26,76%,116,35%,4,4,1.18
fl1pzjder,RRQ,https://www.vlr.gg/player/7045/fl1pzjder,Pacific,237272,all,,bo3,1.08,220,39,41,20,76%,149,28%,4,5,0.95
xffero,RRQ,https://www.vlr.gg/player/4871/xffero,Pacific,237272,all,,bo3,0.96,189,34,39,14,80%,119,23%,4,1,0.87
EJAY,RRQ,https://www.vlr.gg/player/7403/ejay,Pacific,237272,all,,bo3,0.84,184,33,41,10,61%,120,18%,5,15,0.8
Lmemore,RRQ,https://www.vlr.gg/player/7764/lmemore,Pacific,237272,all,,bo3,0.81,181,33,41,7,57%,117,33%,4,8,0.8
Meteor,GEN,https://www.vlr.gg/player/13039/meteor,Pacific,237272,all,,bo3,1.40,308,62,39,8,78%,196,30%,17,8,1.59
k1Ng,GEN,https://www.vlr.gg/player/771/k1ng,Pacific,237272,all,,bo3,1.22,237,51,36,9,72%,164,26%,5,2,1.42
GodDead,GEN,https://www.vlr.gg/player/4827/goddead,Pacific,237272,all,,bo3,1.08,156,29,28,33,76%,98,14%,2,1,1.04
Sylvan,GEN,https://www.vlr.gg/player/4056/sylvan,Pacific,237272,all,,bo3,0.93,176,34,38,33,81%,113,26%,7,4,0.89
TS,GEN,https://www.vlr.gg/player/983/ts,Pacific,237272,all,,bo3,0.50,100,18,38,16,70%,71,17%,2,6,0.47
invy,TS,https://www.vlr.gg/player/8504/invy,Pacific,237273,all,,bo5,1.61,298,94,47,32,79%,194,45%,8,1,2.0
BORKUM,TS,https://www.vlr.gg/player/2333/borkum,Pacific,237273,all,,bo5,1.11,151,44,43,46,84%,100,17%,4,3,1.02
Jremy,TS,https://www.vlr.gg/player/7405/jremy,Pacific,237273,all,,bo5,0.98,183,48,52,28,72%,124,18%,10,9,0.92
DubsteP,TS,https://www.vlr.gg/player/2679/dubstep,Pacific,237273,all,,bo5,0.98,217,59,55,15,70%,138,35%,18,16,1.07
JessieVash,TS,https://www.vlr.gg/player/2334/jessievash,Pacific,237273,all,,bo5,0.94,170,48,53,22,69%,115,27%,6,6,0.91
Sylvan,GEN,https://www.vlr.gg/player/4056/sylvan,Pacific,237273,all,,bo5,1.03,206,56,59,33,69%,137,30%,5,8,0.95
TS,GEN,https://www.vlr.gg/player/983/ts,Pacific,237273,all,,bo5,0.96,186,52,58,28,68%,120,22%,7,10,0.9
Meteor,GEN,https://www.vlr.gg/player/13039/meteor,Pacific,237273,all,,bo5,0.93,196,52,58,15,60%,130,25%,14,13,0.9
k1Ng,GEN,https://www.vlr.gg/player/771/k1ng,Pacific,237273,all,,bo5,0.86,184,52,61,17,70%,120,23%,5,6,0.85
GodDead,GEN,https://www.vlr.gg/player/4827/goddead,Pacific,237273,all,,bo5,0.76,136,38,57,30,67%,95,17%,4,9,0.67
Laz,ZETA,https://www.vlr.gg/player/999/laz,Pacific,237274,all,,bo5,1.16,232,74,54,14,77%,147,30%,12,8,1.37
Dep,ZETA,https://www.vlr.gg/player/424/dep,Pacific,237274,all,,bo5,1.10,230,72,62,14,79%,149,32%,11,11,1.16
SugarZ3ro,ZETA,https://www.vlr.gg/player/6668/sugarz3ro,Pacific,237274,all,,bo5,1.03,186,59,54,40,80%,119,23%,3,4,1.09
crow,ZETA,https://www.vlr.gg/player/1000/crow,Pacific,237274,all,,bo5,1.02,176,52,52,46,82%,110,32%,6,7,1.0
TENNN,ZETA,https://www.vlr.gg/player/1395/tennn,Pacific,237274,all,,bo5,1.00,232,66,63,19,70%,159,22%,12,13,1.05
BORKUM,TS,https://www.vlr.gg/player/2333/borkum,Pacific,237274,all,,bo5,1.04,183,56,61,42,75%,127,22%,7,5,0.92
DubsteP,TS,https://www.vlr.gg/player/2679/dubstep,Pacific,237274,all,,bo5,0.95,221,65,69,13,71%,148,21%,17,17,0.94
invy,TS,https://www.vlr.gg/player/8504/invy,Pacific,237274,all,,bo5,0.93,174,50,60,36,72%,119,33%,1,5,0.83
Jremy,TS,https://www.vlr.gg/player/7405/jremy,Pacific,237274,all,,bo5,0.92,193,57,68,17,63%,135,20%,11,7,0.84
JessieVash,TS,https://www.vlr.gg/player/2334/jessievash,Pacific,237274,all,,bo5,0.90,186,57,65,24,62%,128,23%,7,10,0.88
