Player,Org,ProfileURL,Region,MatchID,MapNum,MapName,SeriesFormat,R2.0,ACS,K,D,A,K:D,KAST,ADR,HS%,FK,FD
N4RRATE,KC,https://www.vlr.gg/player/36245/n4rrate,EMEA,312765,162326,IceboxPICK,bo1,1.47,281.0,20.0,14.0,9.0,1.43,67%,212.0,32%,1.0,5.0
marteen,KC,https://www.vlr.gg/player/10307/marteen,EMEA,312765,162326,IceboxPICK,bo1,1.34,266.0,20.0,14.0,4.0,1.43,86%,160.0,29%,3.0,3.0
MAGNUM,KC,https://www.vlr.gg/player/2173/magnum,EMEA,312765,162326,IceboxPICK,bo1,1.17,231.0,18.0,14.0,2.0,1.29,71%,165.0,29%,0.0,2.0
sh1n,KC,https://www.vlr.gg/player/2625/sh1n,EMEA,312765,162326,IceboxPICK,bo1,0.98,182.0,15.0,15.0,7.0,1.0,86%,116.0,38%,2.0,1.0
tomaszy,KC,https://www.vlr.gg/player/19691/tomaszy,EMEA,312765,162326,IceboxPICK,bo1,0.64,117.0,8.0,15.0,3.0,0.53,57%,94.0,44%,1.0,3.0
Life,FPX,https://www.vlr.gg/player/3028/life,CN,312765,162326,IceboxPICK,bo1,1.55,318.0,25.0,15.0,3.0,1.67,86%,217.0,48%,5.0,3.0
AAAAY,FPX,https://www.vlr.gg/player/19530/aaaay,CN,312765,162326,IceboxPICK,bo1,0.97,196.0,15.0,16.0,9.0,0.94,81%,132.0,42%,0.0,0.0
Autumn,FPX,https://www.vlr.gg/player/872/autumn,CN,312765,162326,IceboxPICK,bo1,0.72,186.0,12.0,18.0,2.0,0.67,71%,120.0,24%,4.0,1.0
BerLIN,FPX,https://www.vlr.gg/player/7857/berlin,CN,312765,162326,IceboxPICK,bo1,0.69,165.0,11.0,17.0,8.0,0.65,52%,111.0,27%,3.0,3.0
Lysoar,FPX,https://www.vlr.gg/player/37489/lysoar,CN,312765,162326,IceboxPICK,bo1,0.56,138.0,9.0,15.0,2.0,0.6,57%,100.0,24%,2.0,0.0
N4RRATE,KC,https://www.vlr.gg/player/36245/n4rrate,EMEA,312765,162327,LotusPICK,bo1,1.75,319.0,27.0,14.0,11.0,1.93,78%,201.0,35%,5.0,0.0
MAGNUM,KC,https://www.vlr.gg/player/2173/magnum,EMEA,312765,162327,LotusPICK,bo1,1.2,219.0,17.0,14.0,6.0,1.21,74%,155.0,19%,1.0,3.0
sh1n,KC,https://www.vlr.gg/player/2625/sh1n,EMEA,312765,162327,LotusPICK,bo1,1.15,234.0,21.0,16.0,5.0,1.31,74%,149.0,43%,1.0,2.0
tomaszy,KC,https://www.vlr.gg/player/19691/tomaszy,EMEA,312765,162327,LotusPICK,bo1,1.04,176.0,15.0,15.0,9.0,1.0,70%,122.0,40%,2.0,2.0
marteen,KC,https://www.vlr.gg/player/10307/marteen,EMEA,312765,162327,LotusPICK,bo1,0.59,140.0,9.0,18.0,5.0,0.5,70%,106.0,10%,1.0,6.0
Life,FPX,https://www.vlr.gg/player/3028/life,CN,312765,162327,LotusPICK,bo1,0.96,182.0,16.0,16.0,2.0,1.0,61%,126.0,22%,1.0,2.0
Autumn,FPX,https://www.vlr.gg/player/872/autumn,CN,312765,162327,LotusPICK,bo1,0.96,241.0,18.0,20.0,7.0,0.9,70%,159.0,17%,5.0,0.0
AAAAY,FPX,https://www.vlr.gg/player/19530/aaaay,CN,312765,162327,LotusPICK,bo1,0.91,200.0,15.0,19.0,8.0,0.79,65%,140.0,33%,1.0,1.0
BerLIN,FPX,https://www.vlr.gg/player/7857/berlin,CN,312765,162327,LotusPICK,bo1,0.82,171.0,14.0,17.0,11.0,0.82,83%,103.0,32%,4.0,3.0
Lysoar,FPX,https://www.vlr.gg/player/37489/lysoar,CN,312765,162327,LotusPICK,bo1,0.8,173.0,14.0,17.0,3.0,0.82,65%,130.0,38%,2.0,4.0
t3xture,GEN,https://www.vlr.gg/player/9196/t3xture,Pacific,312766,162329,IceboxPICK,bo1,1.35,241.0,20.0,15.0,5.0,1.33,63%,162.0,25%,4.0,1.0
Karon,GEN,https://www.vlr.gg/player/34974/karon,Pacific,312766,162329,IceboxPICK,bo1,1.14,212.0,19.0,17.0,3.0,1.12,67%,148.0,25%,3.0,1.0
Munchkin,GEN,https://www.vlr.gg/player/2489/munchkin,Pacific,312766,162329,IceboxPICK,bo1,1.12,209.0,17.0,18.0,15.0,0.94,71%,146.0,37%,4.0,3.0
Meteor,GEN,https://www.vlr.gg/player/13039/meteor,Pacific,312766,162329,IceboxPICK,bo1,0.75,178.0,14.0,19.0,4.0,0.74,54%,125.0,23%,1.0,0.0
Lakia,GEN,https://www.vlr.gg/player/773/lakia,Pacific,312766,162329,IceboxPICK,bo1,0.54,117.0,10.0,19.0,6.0,0.53,58%,78.0,20%,2.0,4.0
Less,LOUD,https://www.vlr.gg/player/8447/less,Americas,312766,162329,IceboxPICK,bo1,1.66,326.0,27.0,14.0,8.0,1.93,83%,226.0,42%,1.0,3.0
saadhak,LOUD,https://www.vlr.gg/player/727/saadhak,Americas,312766,162329,IceboxPICK,bo1,1.09,240.0,18.0,17.0,8.0,1.06,71%,163.0,10%,2.0,4.0
tuyz,LOUD,https://www.vlr.gg/player/2408/tuyz,Americas,312766,162329,IceboxPICK,bo1,0.88,126.0,12.0,14.0,5.0,0.86,67%,95.0,22%,0.0,1.0
cauanzin,LOUD,https://www.vlr.gg/player/6193/cauanzin,Americas,312766,162329,IceboxPICK,bo1,0.77,177.0,17.0,19.0,4.0,0.89,79%,115.0,26%,4.0,1.0
ambitioN,LOUD,https://www.vlr.gg/player/1575/ambition,Americas,312766,162329,IceboxPICK,bo1,0.73,165.0,14.0,17.0,1.0,0.82,58%,110.0,46%,3.0,6.0
Munchkin,GEN,https://www.vlr.gg/player/2489/munchkin,Pacific,312766,162330,BreezePICK,bo1,1.11,192.0,16.0,15.0,3.0,1.07,57%,101.0,23%,2.0,2.0
t3xture,GEN,https://www.vlr.gg/player/9196/t3xture,Pacific,312766,162330,BreezePICK,bo1,1.09,283.0,21.0,18.0,3.0,1.17,67%,170.0,18%,5.0,3.0
Karon,GEN,https://www.vlr.gg/player/34974/karon,Pacific,312766,162330,BreezePICK,bo1,0.75,142.0,9.0,16.0,8.0,0.56,67%,106.0,31%,0.0,3.0
Lakia,GEN,https://www.vlr.gg/player/773/lakia,Pacific,312766,162330,BreezePICK,bo1,0.55,92.0,7.0,16.0,3.0,0.44,48%,63.0,70%,1.0,1.0
Meteor,GEN,https://www.vlr.gg/player/13039/meteor,Pacific,312766,162330,BreezePICK,bo1,0.54,155.0,9.0,18.0,7.0,0.5,62%,115.0,32%,1.0,3.0
tuyz,LOUD,https://www.vlr.gg/player/2408/tuyz,Americas,312766,162330,BreezePICK,bo1,1.82,292.0,22.0,10.0,12.0,2.2,76%,188.0,49%,1.0,0.0
Less,LOUD,https://www.vlr.gg/player/8447/less,Americas,312766,162330,BreezePICK,bo1,1.22,225.0,19.0,12.0,4.0,1.58,86%,152.0,22%,3.0,0.0
ambitioN,LOUD,https://www.vlr.gg/player/1575/ambition,Americas,312766,162330,BreezePICK,bo1,1.07,229.0,18.0,15.0,2.0,1.2,62%,159.0,38%,6.0,4.0
saadhak,LOUD,https://www.vlr.gg/player/727/saadhak,Americas,312766,162330,BreezePICK,bo1,0.99,151.0,10.0,11.0,12.0,0.91,86%,109.0,20%,2.0,2.0
cauanzin,LOUD,https://www.vlr.gg/player/6193/cauanzin,Americas,312766,162330,BreezePICK,bo1,0.93,191.0,14.0,14.0,6.0,1.0,76%,137.0,22%,0.0,3.0
Karon,GEN,https://www.vlr.gg/player/34974/karon,Pacific,312766,162331,Ascent,bo1,1.82,293.0,20.0,7.0,3.0,2.86,83%,206.0,42%,4.0,1.0
Meteor,GEN,https://www.vlr.gg/player/13039/meteor,Pacific,312766,162331,Ascent,bo1,1.42,293.0,19.0,12.0,2.0,1.58,83%,179.0,21%,3.0,4.0
t3xture,GEN,https://www.vlr.gg/player/9196/t3xture,Pacific,312766,162331,Ascent,bo1,1.16,216.0,15.0,11.0,5.0,1.36,78%,137.0,25%,2.0,1.0
Munchkin,GEN,https://www.vlr.gg/player/2489/munchkin,Pacific,312766,162331,Ascent,bo1,1.01,165.0,11.0,10.0,8.0,1.1,61%,101.0,14%,1.0,0.0
Lakia,GEN,https://www.vlr.gg/player/773/lakia,Pacific,312766,162331,Ascent,bo1,0.45,104.0,5.0,13.0,7.0,0.38,72%,77.0,16%,1.0,1.0
Less,LOUD,https://www.vlr.gg/player/8447/less,Americas,312766,162331,Ascent,bo1,1.07,178.0,11.0,12.0,4.0,0.92,78%,134.0,26%,3.0,1.0
tuyz,LOUD,https://www.vlr.gg/player/2408/tuyz,Americas,312766,162331,Ascent,bo1,1.05,198.0,15.0,13.0,3.0,1.15,67%,117.0,32%,2.0,1.0
ambitioN,LOUD,https://www.vlr.gg/player/1575/ambition,Americas,312766,162331,Ascent,bo1,0.86,233.0,14.0,16.0,2.0,0.88,56%,136.0,24%,1.0,2.0
saadhak,LOUD,https://www.vlr.gg/player/727/saadhak,Americas,312766,162331,Ascent,bo1,0.54,144.0,8.0,15.0,7.0,0.53,67%,97.0,19%,1.0,4.0
cauanzin,LOUD,https://www.vlr.gg/player/6193/cauanzin,Americas,312766,162331,Ascent,bo1,0.5,101.0,5.0,14.0,8.0,0.36,72%,65.0,25%,0.0,3.0
Smoggy,EDG,https://www.vlr.gg/player/4742/smoggy,CN,312767,162332,SunsetPICK,bo1,1.21,202.0,16.0,14.0,9.0,1.14,71%,149.0,30%,1.0,1.0
nobody,EDG,https://www.vlr.gg/player/3017/nobody,CN,312767,162332,SunsetPICK,bo1,1.03,202.0,15.0,16.0,4.0,0.94,62%,130.0,38%,2.0,5.0
Haodong,EDG,https://www.vlr.gg/player/4720/haodong,CN,312767,162332,SunsetPICK,bo1,0.99,177.0,13.0,15.0,6.0,0.87,67%,110.0,29%,1.0,2.0
CHICHOO,EDG,https://www.vlr.gg/player/15559/chichoo,CN,312767,162332,SunsetPICK,bo1,0.9,164.0,13.0,16.0,4.0,0.81,71%,106.0,26%,2.0,1.0
ZmjjKK,EDG,https://www.vlr.gg/player/3520/zmjjkk,CN,312767,162332,SunsetPICK,bo1,0.48,160.0,10.0,20.0,5.0,0.5,57%,111.0,14%,3.0,3.0
d4v41,PRX,https://www.vlr.gg/player/9803/d4v41,Pacific,312767,162332,SunsetPICK,bo1,1.2,215.0,17.0,12.0,9.0,1.42,90%,142.0,39%,3.0,1.0
something,PRX,https://www.vlr.gg/player/17086/something,Pacific,312767,162332,SunsetPICK,bo1,1.2,195.0,15.0,10.0,8.0,1.5,86%,115.0,21%,3.0,0.0
mindfreak,PRX,https://www.vlr.gg/player/9800/mindfreak,Pacific,312767,162332,SunsetPICK,bo1,1.16,281.0,21.0,16.0,3.0,1.31,81%,185.0,42%,1.0,3.0
Monyet,PRX,https://www.vlr.gg/player/8497/monyet,Pacific,312767,162332,SunsetPICK,bo1,1.14,226.0,17.0,14.0,11.0,1.21,86%,133.0,31%,1.0,2.0
f0rsakeN,PRX,https://www.vlr.gg/player/9801/f0rsaken,Pacific,312767,162332,SunsetPICK,bo1,0.78,162.0,11.0,15.0,16.0,0.73,81%,103.0,28%,4.0,3.0
CHICHOO,EDG,https://www.vlr.gg/player/15559/chichoo,CN,312767,162333,BindPICK,bo1,1.57,271.0,23.0,14.0,9.0,1.64,82%,186.0,28%,1.0,1.0
Haodong,EDG,https://www.vlr.gg/player/4720/haodong,CN,312767,162333,BindPICK,bo1,1.43,237.0,19.0,14.0,6.0,1.36,73%,162.0,28%,3.0,2.0
ZmjjKK,EDG,https://www.vlr.gg/player/3520/zmjjkk,CN,312767,162333,BindPICK,bo1,1.12,221.0,15.0,15.0,16.0,1.0,77%,144.0,25%,3.0,0.0
Smoggy,EDG,https://www.vlr.gg/player/4742/smoggy,CN,312767,162333,BindPICK,bo1,1.0,217.0,19.0,17.0,3.0,1.12,77%,142.0,26%,6.0,3.0
nobody,EDG,https://www.vlr.gg/player/3017/nobody,CN,312767,162333,BindPICK,bo1,0.38,73.0,2.0,15.0,8.0,0.13,59%,61.0,21%,0.0,2.0
f0rsakeN,PRX,https://www.vlr.gg/player/9801/f0rsaken,Pacific,312767,162333,BindPICK,bo1,1.18,261.0,20.0,15.0,7.0,1.33,68%,160.0,28%,3.0,2.0
something,PRX,https://www.vlr.gg/player/17086/something,Pacific,312767,162333,BindPICK,bo1,1.08,212.0,17.0,16.0,1.0,1.06,68%,137.0,35%,2.0,4.0
d4v41,PRX,https://www.vlr.gg/player/9803/d4v41,Pacific,312767,162333,BindPICK,bo1,0.92,196.0,15.0,16.0,7.0,0.94,68%,145.0,40%,0.0,1.0
mindfreak,PRX,https://www.vlr.gg/player/9800/mindfreak,Pacific,312767,162333,BindPICK,bo1,0.73,131.0,10.0,14.0,3.0,0.71,68%,87.0,56%,1.0,3.0
Monyet,PRX,https://www.vlr.gg/player/8497/monyet,Pacific,312767,162333,BindPICK,bo1,0.55,158.0,12.0,18.0,1.0,0.67,64%,99.0,16%,3.0,4.0
ZmjjKK,EDG,https://www.vlr.gg/player/3520/zmjjkk,CN,312767,162334,Split,bo1,1.53,387.0,30.0,16.0,5.0,1.88,82%,245.0,21%,7.0,1.0
nobody,EDG,https://www.vlr.gg/player/3017/nobody,CN,312767,162334,Split,bo1,1.45,245.0,20.0,11.0,8.0,1.82,77%,170.0,36%,4.0,2.0
Smoggy,EDG,https://www.vlr.gg/player/4742/smoggy,CN,312767,162334,Split,bo1,1.24,227.0,18.0,13.0,8.0,1.38,77%,152.0,40%,2.0,0.0
CHICHOO,EDG,https://www.vlr.gg/player/15559/chichoo,CN,312767,162334,Split,bo1,0.9,180.0,13.0,15.0,7.0,0.87,77%,124.0,41%,5.0,0.0
Haodong,EDG,https://www.vlr.gg/player/4720/haodong,CN,312767,162334,Split,bo1,0.81,110.0,10.0,12.0,4.0,0.83,77%,80.0,21%,0.0,1.0
f0rsakeN,PRX,https://www.vlr.gg/player/9801/f0rsaken,Pacific,312767,162334,Split,bo1,1.6,333.0,25.0,16.0,3.0,1.56,59%,188.0,36%,1.0,0.0
mindfreak,PRX,https://www.vlr.gg/player/9800/mindfreak,Pacific,312767,162334,Split,bo1,1.07,180.0,17.0,15.0,5.0,1.13,68%,121.0,33%,0.0,3.0
d4v41,PRX,https://www.vlr.gg/player/9803/d4v41,Pacific,312767,162334,Split,bo1,0.52,135.0,9.0,20.0,5.0,0.45,45%,98.0,19%,1.0,3.0
Monyet,PRX,https://www.vlr.gg/player/8497/monyet,Pacific,312767,162334,Split,bo1,0.52,142.0,10.0,20.0,4.0,0.5,55%,99.0,23%,1.0,6.0
something,PRX,https://www.vlr.gg/player/17086/something,Pacific,312767,162334,Split,bo1,0.32,119.0,6.0,20.0,3.0,0.3,45%,95.0,15%,1.0,6.0
Zellsis,SEN,https://www.vlr.gg/player/729/zellsis,Americas,312768,162335,LotusPICK,bo1,1.19,211.0,17.0,12.0,4.0,1.42,73%,138.0,16%,2.0,2.0
TenZ,SEN,https://www.vlr.gg/player/9/tenz,Americas,312768,162335,LotusPICK,bo1,1.16,240.0,20.0,17.0,16.0,1.18,73%,140.0,36%,2.0,1.0
Sacy,SEN,https://www.vlr.gg/player/659/sacy,Americas,312768,162335,LotusPICK,bo1,1.13,211.0,17.0,16.0,10.0,1.06,82%,159.0,28%,0.0,2.0
zekken,SEN,https://www.vlr.gg/player/4004/zekken,Americas,312768,162335,LotusPICK,bo1,1.12,264.0,20.0,18.0,6.0,1.11,77%,155.0,18%,7.0,4.0
johnqt,SEN,https://www.vlr.gg/player/1265/johnqt,Americas,312768,162335,LotusPICK,bo1,1.11,203.0,12.0,13.0,11.0,0.92,73%,147.0,18%,1.0,1.0
MiniBoo,TH,https://www.vlr.gg/player/18350/miniboo,EMEA,312768,162335,LotusPICK,bo1,1.46,319.0,25.0,18.0,7.0,1.39,82%,208.0,29%,4.0,2.0
Boo,TH,https://www.vlr.gg/player/1144/boo,EMEA,312768,162335,LotusPICK,bo1,0.86,188.0,15.0,18.0,8.0,0.83,73%,116.0,31%,1.0,2.0
benjyfishy,TH,https://www.vlr.gg/player/29873/benjyfishy,EMEA,312768,162335,LotusPICK,bo1,0.77,150.0,12.0,16.0,5.0,0.75,64%,99.0,31%,1.0,4.0
RieNs,TH,https://www.vlr.gg/player/10971/riens,EMEA,312768,162335,LotusPICK,bo1,0.69,150.0,11.0,17.0,5.0,0.65,77%,101.0,28%,3.0,1.0
paTiTek,TH,https://www.vlr.gg/player/309/patitek,EMEA,312768,162335,LotusPICK,bo1,0.69,168.0,13.0,17.0,6.0,0.76,68%,106.0,6%,1.0,3.0
zekken,SEN,https://www.vlr.gg/player/4004/zekken,Americas,312768,162336,SunsetPICK,bo1,1.18,276.0,17.0,14.0,2.0,1.21,67%,185.0,20%,4.0,3.0
Sacy,SEN,https://www.vlr.gg/player/659/sacy,Americas,312768,162336,SunsetPICK,bo1,0.85,195.0,10.0,16.0,7.0,0.62,61%,118.0,24%,1.0,3.0
johnqt,SEN,https://www.vlr.gg/player/1265/johnqt,Americas,312768,162336,SunsetPICK,bo1,0.65,176.0,10.0,17.0,4.0,0.59,50%,130.0,23%,0.0,2.0
TenZ,SEN,https://www.vlr.gg/player/9/tenz,Americas,312768,162336,SunsetPICK,bo1,0.55,118.0,8.0,16.0,4.0,0.5,67%,78.0,19%,0.0,3.0
Zellsis,SEN,https://www.vlr.gg/player/729/zellsis,Americas,312768,162336,SunsetPICK,bo1,0.47,91.0,6.0,16.0,8.0,0.38,61%,54.0,14%,0.0,2.0
RieNs,TH,https://www.vlr.gg/player/10971/riens,EMEA,312768,162336,SunsetPICK,bo1,1.75,320.0,21.0,11.0,9.0,1.91,100%,229.0,43%,2.0,0.0
MiniBoo,TH,https://www.vlr.gg/player/18350/miniboo,EMEA,312768,162336,SunsetPICK,bo1,1.45,271.0,20.0,10.0,6.0,2.0,78%,165.0,23%,2.0,2.0
paTiTek,TH,https://www.vlr.gg/player/309/patitek,EMEA,312768,162336,SunsetPICK,bo1,1.23,200.0,12.0,9.0,12.0,1.33,89%,137.0,19%,5.0,1.0
benjyfishy,TH,https://www.vlr.gg/player/29873/benjyfishy,EMEA,312768,162336,SunsetPICK,bo1,1.22,231.0,15.0,10.0,5.0,1.5,94%,145.0,15%,2.0,0.0
Boo,TH,https://www.vlr.gg/player/1144/boo,EMEA,312768,162336,SunsetPICK,bo1,0.67,140.0,10.0,11.0,10.0,0.91,83%,75.0,37%,2.0,2.0
zekken,SEN,https://www.vlr.gg/player/4004/zekken,Americas,312768,162337,Bind,bo1,1.42,329.0,27.0,18.0,5.0,1.5,79%,214.0,28%,6.0,4.0
Zellsis,SEN,https://www.vlr.gg/player/729/zellsis,Americas,312768,162337,Bind,bo1,1.34,251.0,21.0,15.0,12.0,1.4,75%,163.0,22%,2.0,1.0
TenZ,SEN,https://www.vlr.gg/player/9/tenz,Americas,312768,162337,Bind,bo1,1.13,225.0,21.0,17.0,8.0,1.24,79%,141.0,19%,4.0,1.0
johnqt,SEN,https://www.vlr.gg/player/1265/johnqt,Americas,312768,162337,Bind,bo1,0.94,127.0,10.0,13.0,4.0,0.77,71%,99.0,18%,1.0,2.0
Sacy,SEN,https://www.vlr.gg/player/659/sacy,Americas,312768,162337,Bind,bo1,0.65,107.0,8.0,16.0,10.0,0.5,63%,69.0,31%,0.0,3.0
RieNs,TH,https://www.vlr.gg/player/10971/riens,EMEA,312768,162337,Bind,bo1,1.3,259.0,20.0,16.0,9.0,1.25,71%,169.0,27%,2.0,2.0
paTiTek,TH,https://www.vlr.gg/player/309/patitek,EMEA,312768,162337,Bind,bo1,1.04,178.0,14.0,17.0,16.0,0.82,75%,112.0,20%,1.0,1.0
MiniBoo,TH,https://www.vlr.gg/player/18350/miniboo,EMEA,312768,162337,Bind,bo1,0.87,221.0,20.0,18.0,4.0,1.11,75%,133.0,36%,5.0,3.0
Boo,TH,https://www.vlr.gg/player/1144/boo,EMEA,312768,162337,Bind,bo1,0.84,138.0,12.0,17.0,8.0,0.71,67%,91.0,33%,1.0,2.0
benjyfishy,TH,https://www.vlr.gg/player/29873/benjyfishy,EMEA,312768,162337,Bind,bo1,0.63,148.0,12.0,19.0,10.0,0.63,71%,84.0,21%,2.0,5.0
zekken,SEN,https://www.vlr.gg/player/4004/zekken,Americas,312798,162361,SplitPICK,bo1,1.6,333.0,26.0,12.0,3.0,2.17,81%,209.0,20%,6.0,3.0
TenZ,SEN,https://www.vlr.gg/player/9/tenz,Americas,312798,162361,SplitPICK,bo1,1.57,268.0,20.0,9.0,15.0,2.22,90%,170.0,26%,1.0,1.0
johnqt,SEN,https://www.vlr.gg/player/1265/johnqt,Americas,312798,162361,SplitPICK,bo1,1.12,165.0,12.0,9.0,5.0,1.33,90%,103.0,19%,2.0,0.0
Sacy,SEN,https://www.vlr.gg/player/659/sacy,Americas,312798,162361,SplitPICK,bo1,0.88,117.0,7.0,9.0,17.0,0.78,81%,63.0,21%,1.0,3.0
Zellsis,SEN,https://www.vlr.gg/player/729/zellsis,Americas,312798,162361,SplitPICK,bo1,0.87,170.0,13.0,14.0,5.0,0.93,71%,109.0,24%,1.0,3.0
sh1n,KC,https://www.vlr.gg/player/2625/sh1n,EMEA,312798,162361,SplitPICK,bo1,1.14,179.0,14.0,11.0,4.0,1.27,86%,102.0,20%,0.0,0.0
marteen,KC,https://www.vlr.gg/player/10307/marteen,EMEA,312798,162361,SplitPICK,bo1,1.01,175.0,13.0,14.0,3.0,0.93,57%,110.0,39%,5.0,3.0
N4RRATE,KC,https://www.vlr.gg/player/36245/n4rrate,EMEA,312798,162361,SplitPICK,bo1,0.79,206.0,14.0,18.0,4.0,0.78,62%,139.0,14%,3.0,5.0
MAGNUM,KC,https://www.vlr.gg/player/2173/magnum,EMEA,312798,162361,SplitPICK,bo1,0.47,100.0,6.0,18.0,8.0,0.33,67%,67.0,15%,1.0,2.0
tomaszy,KC,https://www.vlr.gg/player/19691/tomaszy,EMEA,312798,162361,SplitPICK,bo1,0.41,93.0,6.0,17.0,5.0,0.35,57%,60.0,13%,1.0,1.0
johnqt,SEN,https://www.vlr.gg/player/1265/johnqt,Americas,312798,162362,LotusPICK,bo1,1.45,266.0,21.0,12.0,9.0,1.75,92%,174.0,20%,4.0,1.0
TenZ,SEN,https://www.vlr.gg/player/9/tenz,Americas,312798,162362,LotusPICK,bo1,1.39,251.0,22.0,12.0,13.0,1.83,79%,149.0,15%,4.0,3.0
Zellsis,SEN,https://www.vlr.gg/player/729/zellsis,Americas,312798,162362,LotusPICK,bo1,0.92,194.0,16.0,14.0,4.0,1.14,79%,125.0,15%,1.0,2.0
Sacy,SEN,https://www.vlr.gg/player/659/sacy,Americas,312798,162362,LotusPICK,bo1,0.76,112.0,9.0,14.0,15.0,0.64,75%,86.0,19%,0.0,2.0
zekken,SEN,https://www.vlr.gg/player/4004/zekken,Americas,312798,162362,LotusPICK,bo1,0.74,174.0,15.0,18.0,4.0,0.83,67%,109.0,19%,2.0,5.0
N4RRATE,KC,https://www.vlr.gg/player/36245/n4rrate,EMEA,312798,162362,LotusPICK,bo1,1.14,190.0,16.0,13.0,9.0,1.23,63%,135.0,41%,1.0,0.0
MAGNUM,KC,https://www.vlr.gg/player/2173/magnum,EMEA,312798,162362,LotusPICK,bo1,1.08,215.0,18.0,17.0,3.0,1.06,63%,148.0,32%,4.0,1.0
sh1n,KC,https://www.vlr.gg/player/2625/sh1n,EMEA,312798,162362,LotusPICK,bo1,0.93,161.0,12.0,16.0,11.0,0.75,83%,102.0,23%,1.0,1.0
marteen,KC,https://www.vlr.gg/player/10307/marteen,EMEA,312798,162362,LotusPICK,bo1,0.75,168.0,14.0,19.0,2.0,0.74,58%,104.0,21%,5.0,6.0
tomaszy,KC,https://www.vlr.gg/player/19691/tomaszy,EMEA,312798,162362,LotusPICK,bo1,0.71,138.0,10.0,18.0,8.0,0.56,63%,84.0,17%,2.0,3.0
ZmjjKK,EDG,https://www.vlr.gg/player/3520/zmjjkk,CN,312797,162358,IceboxPICK,bo1,1.51,320.0,25.0,15.0,5.0,1.67,90%,206.0,24%,6.0,2.0
nobody,EDG,https://www.vlr.gg/player/3017/nobody,CN,312797,162358,IceboxPICK,bo1,1.28,240.0,20.0,12.0,5.0,1.67,86%,168.0,29%,1.0,3.0
CHICHOO,EDG,https://www.vlr.gg/player/15559/chichoo,CN,312797,162358,IceboxPICK,bo1,1.13,220.0,16.0,13.0,5.0,1.23,81%,156.0,34%,2.0,3.0
Smoggy,EDG,https://www.vlr.gg/player/4742/smoggy,CN,312797,162358,IceboxPICK,bo1,1.13,167.0,14.0,12.0,15.0,1.17,86%,106.0,26%,1.0,0.0
Haodong,EDG,https://www.vlr.gg/player/4720/haodong,CN,312797,162358,IceboxPICK,bo1,0.95,188.0,13.0,14.0,8.0,0.93,81%,139.0,21%,2.0,1.0
Karon,GEN,https://www.vlr.gg/player/34974/karon,Pacific,312797,162358,IceboxPICK,bo1,1.2,251.0,19.0,18.0,5.0,1.06,76%,184.0,36%,1.0,1.0
Meteor,GEN,https://www.vlr.gg/player/13039/meteor,Pacific,312797,162358,IceboxPICK,bo1,1.05,243.0,18.0,17.0,1.0,1.06,67%,162.0,43%,1.0,4.0
Munchkin,GEN,https://www.vlr.gg/player/2489/munchkin,Pacific,312797,162358,IceboxPICK,bo1,0.9,206.0,13.0,18.0,10.0,0.72,76%,142.0,20%,3.0,2.0
t3xture,GEN,https://www.vlr.gg/player/9196/t3xture,Pacific,312797,162358,IceboxPICK,bo1,0.81,162.0,13.0,17.0,2.0,0.76,62%,101.0,29%,3.0,2.0
Lakia,GEN,https://www.vlr.gg/player/773/lakia,Pacific,312797,162358,IceboxPICK,bo1,0.11,56.0,3.0,18.0,1.0,0.17,48%,41.0,27%,1.0,3.0
ZmjjKK,EDG,https://www.vlr.gg/player/3520/zmjjkk,CN,312797,162359,SplitPICK,bo1,1.78,401.0,22.0,15.0,6.0,1.47,83%,251.0,36%,2.0,2.0
Smoggy,EDG,https://www.vlr.gg/player/4742/smoggy,CN,312797,162359,SplitPICK,bo1,0.69,149.0,10.0,15.0,6.0,0.67,78%,92.0,26%,1.0,0.0
Haodong,EDG,https://www.vlr.gg/player/4720/haodong,CN,312797,162359,SplitPICK,bo1,0.51,163.0,10.0,16.0,3.0,0.62,78%,99.0,30%,2.0,4.0
nobody,EDG,https://www.vlr.gg/player/3017/nobody,CN,312797,162359,SplitPICK,bo1,0.5,133.0,8.0,16.0,8.0,0.5,56%,98.0,19%,1.0,5.0
CHICHOO,EDG,https://www.vlr.gg/player/15559/chichoo,CN,312797,162359,SplitPICK,bo1,0.44,103.0,6.0,16.0,4.0,0.38,44%,72.0,13%,0.0,1.0
Meteor,GEN,https://www.vlr.gg/player/13039/meteor,Pacific,312797,162359,SplitPICK,bo1,1.5,315.0,22.0,11.0,2.0,2.0,94%,183.0,38%,6.0,2.0
t3xture,GEN,https://www.vlr.gg/player/9196/t3xture,Pacific,312797,162359,SplitPICK,bo1,1.46,317.0,22.0,13.0,1.0,1.69,72%,180.0,30%,6.0,3.0
Lakia,GEN,https://www.vlr.gg/player/773/lakia,Pacific,312797,162359,SplitPICK,bo1,1.23,195.0,12.0,9.0,8.0,1.33,94%,139.0,26%,0.0,1.0
Munchkin,GEN,https://www.vlr.gg/player/2489/munchkin,Pacific,312797,162359,SplitPICK,bo1,1.0,171.0,9.0,10.0,9.0,0.9,78%,112.0,14%,0.0,0.0
Karon,GEN,https://www.vlr.gg/player/34974/karon,Pacific,312797,162359,SplitPICK,bo1,0.9,189.0,13.0,13.0,8.0,1.0,72%,124.0,30%,0.0,0.0
ZmjjKK,EDG,https://www.vlr.gg/player/3520/zmjjkk,CN,312797,162360,Breeze,bo1,0.86,214.0,16.0,15.0,2.0,1.07,63%,128.0,36%,4.0,4.0
nobody,EDG,https://www.vlr.gg/player/3017/nobody,CN,312797,162360,Breeze,bo1,0.86,170.0,11.0,15.0,3.0,0.73,74%,117.0,46%,1.0,3.0
Haodong,EDG,https://www.vlr.gg/player/4720/haodong,CN,312797,162360,Breeze,bo1,0.76,138.0,9.0,15.0,4.0,0.6,63%,105.0,28%,2.0,2.0
Smoggy,EDG,https://www.vlr.gg/player/4742/smoggy,CN,312797,162360,Breeze,bo1,0.76,166.0,10.0,16.0,6.0,0.62,74%,111.0,30%,1.0,1.0
CHICHOO,EDG,https://www.vlr.gg/player/15559/chichoo,CN,312797,162360,Breeze,bo1,0.66,128.0,8.0,15.0,2.0,0.53,53%,91.0,31%,0.0,1.0
Lakia,GEN,https://www.vlr.gg/player/773/lakia,Pacific,312797,162360,Breeze,bo1,1.36,228.0,16.0,10.0,3.0,1.6,79%,136.0,35%,3.0,0.0
Meteor,GEN,https://www.vlr.gg/player/13039/meteor,Pacific,312797,162360,Breeze,bo1,1.35,246.0,18.0,11.0,5.0,1.64,84%,180.0,38%,2.0,1.0
Karon,GEN,https://www.vlr.gg/player/34974/karon,Pacific,312797,162360,Breeze,bo1,1.23,250.0,16.0,12.0,6.0,1.33,74%,171.0,33%,3.0,2.0
Munchkin,GEN,https://www.vlr.gg/player/2489/munchkin,Pacific,312797,162360,Breeze,bo1,1.19,168.0,12.0,6.0,8.0,2.0,89%,106.0,19%,1.0,2.0
t3xture,GEN,https://www.vlr.gg/player/9196/t3xture,Pacific,312797,162360,Breeze,bo1,0.7,184.0,14.0,15.0,0.0,0.93,63%,120.0,34%,2.0,3.0
Autumn,FPX,https://www.vlr.gg/player/872/autumn,CN,312800,162367,SunsetPICK,bo1,0.91,202.0,13.0,15.0,3.0,0.87,67%,143.0,40%,3.0,4.0
Life,FPX,https://www.vlr.gg/player/3028/life,CN,312800,162367,SunsetPICK,bo1,0.68,209.0,14.0,16.0,1.0,0.88,61%,133.0,50%,3.0,4.0
BerLIN,FPX,https://www.vlr.gg/player/7857/berlin,CN,312800,162367,SunsetPICK,bo1,0.62,130.0,8.0,15.0,1.0,0.53,56%,85.0,45%,2.0,2.0
Lysoar,FPX,https://www.vlr.gg/player/37489/lysoar,CN,312800,162367,SunsetPICK,bo1,0.57,122.0,6.0,15.0,5.0,0.4,39%,78.0,30%,0.0,0.0
AAAAY,FPX,https://www.vlr.gg/player/19530/aaaay,CN,312800,162367,SunsetPICK,bo1,0.4,122.0,7.0,16.0,1.0,0.44,44%,84.0,37%,0.0,0.0
saadhak,LOUD,https://www.vlr.gg/player/727/saadhak,Americas,312800,162367,SunsetPICK,bo1,1.67,288.0,18.0,7.0,7.0,2.57,83%,181.0,11%,1.0,1.0
tuyz,LOUD,https://www.vlr.gg/player/2408/tuyz,Americas,312800,162367,SunsetPICK,bo1,1.38,188.0,13.0,8.0,7.0,1.62,83%,131.0,26%,2.0,1.0
Less,LOUD,https://www.vlr.gg/player/8447/less,Americas,312800,162367,SunsetPICK,bo1,1.24,207.0,12.0,9.0,7.0,1.33,83%,160.0,13%,2.0,2.0
cauanzin,LOUD,https://www.vlr.gg/player/6193/cauanzin,Americas,312800,162367,SunsetPICK,bo1,1.24,244.0,17.0,12.0,8.0,1.42,72%,162.0,26%,1.0,3.0
ambitioN,LOUD,https://www.vlr.gg/player/1575/ambition,Americas,312800,162367,SunsetPICK,bo1,1.12,247.0,17.0,12.0,1.0,1.42,72%,140.0,44%,4.0,1.0
Autumn,FPX,https://www.vlr.gg/player/872/autumn,CN,312800,162368,BreezePICK,bo1,1.44,298.0,25.0,18.0,4.0,1.39,67%,190.0,37%,7.0,2.0
Lysoar,FPX,https://www.vlr.gg/player/37489/lysoar,CN,312800,162368,BreezePICK,bo1,1.16,178.0,15.0,14.0,7.0,1.07,63%,127.0,26%,1.0,0.0
Life,FPX,https://www.vlr.gg/player/3028/life,CN,312800,162368,BreezePICK,bo1,0.77,214.0,16.0,21.0,4.0,0.76,50%,154.0,38%,4.0,4.0
BerLIN,FPX,https://www.vlr.gg/player/7857/berlin,CN,312800,162368,BreezePICK,bo1,0.74,134.0,13.0,17.0,7.0,0.76,67%,95.0,42%,2.0,3.0
AAAAY,FPX,https://www.vlr.gg/player/19530/aaaay,CN,312800,162368,BreezePICK,bo1,0.52,126.0,11.0,19.0,5.0,0.58,71%,88.0,16%,0.0,1.0
Less,LOUD,https://www.vlr.gg/player/8447/less,Americas,312800,162368,BreezePICK,bo1,1.53,255.0,24.0,13.0,7.0,1.85,88%,164.0,27%,1.0,0.0
saadhak,LOUD,https://www.vlr.gg/player/727/saadhak,Americas,312800,162368,BreezePICK,bo1,1.14,230.0,19.0,17.0,12.0,1.12,79%,131.0,18%,3.0,1.0
cauanzin,LOUD,https://www.vlr.gg/player/6193/cauanzin,Americas,312800,162368,BreezePICK,bo1,1.09,214.0,19.0,15.0,5.0,1.27,75%,139.0,23%,2.0,2.0
tuyz,LOUD,https://www.vlr.gg/player/2408/tuyz,Americas,312800,162368,BreezePICK,bo1,1.06,186.0,16.0,15.0,13.0,1.07,83%,130.0,28%,0.0,2.0
ambitioN,LOUD,https://www.vlr.gg/player/1575/ambition,Americas,312800,162368,BreezePICK,bo1,0.51,146.0,11.0,20.0,3.0,0.55,50%,96.0,24%,4.0,9.0
RieNs,TH,https://www.vlr.gg/player/10971/riens,EMEA,312799,162364,SunsetPICK,bo1,1.25,273.0,22.0,18.0,11.0,1.22,87%,193.0,50%,1.0,1.0
MiniBoo,TH,https://www.vlr.gg/player/18350/miniboo,EMEA,312799,162364,SunsetPICK,bo1,1.11,270.0,20.0,18.0,7.0,1.11,83%,163.0,38%,5.0,5.0
benjyfishy,TH,https://www.vlr.gg/player/29873/benjyfishy,EMEA,312799,162364,SunsetPICK,bo1,1.02,201.0,17.0,17.0,5.0,1.0,65%,146.0,35%,4.0,2.0
Boo,TH,https://www.vlr.gg/player/1144/boo,EMEA,312799,162364,SunsetPICK,bo1,0.98,155.0,15.0,15.0,6.0,1.0,65%,112.0,26%,0.0,3.0
paTiTek,TH,https://www.vlr.gg/player/309/patitek,EMEA,312799,162364,SunsetPICK,bo1,0.52,122.0,8.0,20.0,15.0,0.4,70%,92.0,23%,1.0,1.0
something,PRX,https://www.vlr.gg/player/17086/something,Pacific,312799,162364,SunsetPICK,bo1,1.25,231.0,19.0,14.0,7.0,1.36,87%,156.0,20%,3.0,1.0
f0rsakeN,PRX,https://www.vlr.gg/player/9801/f0rsaken,Pacific,312799,162364,SunsetPICK,bo1,1.12,225.0,20.0,17.0,7.0,1.18,65%,135.0,23%,3.0,2.0
Monyet,PRX,https://www.vlr.gg/player/8497/monyet,Pacific,312799,162364,SunsetPICK,bo1,1.03,223.0,18.0,19.0,11.0,0.95,78%,158.0,29%,3.0,4.0
mindfreak,PRX,https://www.vlr.gg/player/9800/mindfreak,Pacific,312799,162364,SunsetPICK,bo1,1.01,196.0,17.0,15.0,3.0,1.13,74%,126.0,38%,2.0,2.0
d4v41,PRX,https://www.vlr.gg/player/9803/d4v41,Pacific,312799,162364,SunsetPICK,bo1,0.86,174.0,14.0,17.0,4.0,0.82,78%,117.0,22%,1.0,2.0
MiniBoo,TH,https://www.vlr.gg/player/18350/miniboo,EMEA,312799,162365,LotusPICK,bo1,1.61,290.0,23.0,14.0,10.0,1.64,87%,183.0,36%,4.0,3.0
benjyfishy,TH,https://www.vlr.gg/player/29873/benjyfishy,EMEA,312799,162365,LotusPICK,bo1,1.45,269.0,24.0,13.0,2.0,1.85,83%,178.0,36%,2.0,0.0
RieNs,TH,https://www.vlr.gg/player/10971/riens,EMEA,312799,162365,LotusPICK,bo1,1.23,209.0,18.0,13.0,4.0,1.38,74%,139.0,44%,4.0,1.0
Boo,TH,https://www.vlr.gg/player/1144/boo,EMEA,312799,162365,LotusPICK,bo1,0.89,178.0,14.0,15.0,9.0,0.93,61%,120.0,26%,0.0,4.0
paTiTek,TH,https://www.vlr.gg/player/309/patitek,EMEA,312799,162365,LotusPICK,bo1,0.73,132.0,9.0,15.0,7.0,0.6,70%,81.0,11%,3.0,2.0
something,PRX,https://www.vlr.gg/player/17086/something,Pacific,312799,162365,LotusPICK,bo1,1.45,298.0,24.0,14.0,2.0,1.71,78%,185.0,33%,6.0,0.0
d4v41,PRX,https://www.vlr.gg/player/9803/d4v41,Pacific,312799,162365,LotusPICK,bo1,0.77,152.0,12.0,18.0,10.0,0.67,74%,104.0,24%,1.0,0.0
mindfreak,PRX,https://www.vlr.gg/player/9800/mindfreak,Pacific,312799,162365,LotusPICK,bo1,0.68,146.0,12.0,18.0,7.0,0.67,61%,104.0,40%,0.0,4.0
f0rsakeN,PRX,https://www.vlr.gg/player/9801/f0rsaken,Pacific,312799,162365,LotusPICK,bo1,0.68,144.0,10.0,19.0,9.0,0.53,52%,92.0,18%,1.0,4.0
Monyet,PRX,https://www.vlr.gg/player/8497/monyet,Pacific,312799,162365,LotusPICK,bo1,0.64,162.0,12.0,19.0,8.0,0.63,52%,113.0,21%,2.0,5.0
benjyfishy,TH,https://www.vlr.gg/player/29873/benjyfishy,EMEA,312799,162366,Split,bo1,1.35,302.0,21.0,15.0,3.0,1.4,60%,199.0,33%,3.0,1.0
Boo,TH,https://www.vlr.gg/player/1144/boo,EMEA,312799,162366,Split,bo1,0.95,175.0,13.0,15.0,6.0,0.87,65%,108.0,54%,1.0,3.0
RieNs,TH,https://www.vlr.gg/player/10971/riens,EMEA,312799,162366,Split,bo1,0.87,171.0,11.0,15.0,6.0,0.73,60%,120.0,26%,2.0,2.0
MiniBoo,TH,https://www.vlr.gg/player/18350/miniboo,EMEA,312799,162366,Split,bo1,0.55,99.0,6.0,14.0,3.0,0.43,55%,63.0,19%,2.0,3.0
paTiTek,TH,https://www.vlr.gg/player/309/patitek,EMEA,312799,162366,Split,bo1,0.41,99.0,5.0,16.0,7.0,0.31,55%,77.0,18%,1.0,2.0
f0rsakeN,PRX,https://www.vlr.gg/player/9801/f0rsaken,Pacific,312799,162366,Split,bo1,1.52,322.0,22.0,12.0,7.0,1.83,75%,201.0,37%,5.0,4.0
d4v41,PRX,https://www.vlr.gg/player/9803/d4v41,Pacific,312799,162366,Split,bo1,1.31,181.0,14.0,9.0,15.0,1.56,75%,114.0,30%,0.0,0.0
something,PRX,https://www.vlr.gg/player/17086/something,Pacific,312799,162366,Split,bo1,1.28,272.0,18.0,12.0,4.0,1.5,80%,160.0,30%,5.0,3.0
Monyet,PRX,https://www.vlr.gg/player/8497/monyet,Pacific,312799,162366,Split,bo1,1.17,180.0,14.0,12.0,13.0,1.17,85%,96.0,29%,1.0,0.0
mindfreak,PRX,https://www.vlr.gg/player/9800/mindfreak,Pacific,312799,162366,Split,bo1,0.62,92.0,7.0,11.0,2.0,0.64,65%,62.0,28%,0.0,2.0
Less,LOUD,https://www.vlr.gg/player/8447/less,Americas,312803,162373,IceboxPICK,bo1,1.6,226.0,13.0,6.0,4.0,2.17,93%,175.0,46%,1.0,0.0
cauanzin,LOUD,https://www.vlr.gg/player/6193/cauanzin,Americas,312803,162373,IceboxPICK,bo1,1.48,276.0,16.0,9.0,7.0,1.78,93%,200.0,29%,3.0,2.0
saadhak,LOUD,https://www.vlr.gg/player/727/saadhak,Americas,312803,162373,IceboxPICK,bo1,1.25,236.0,14.0,8.0,2.0,1.75,73%,154.0,22%,2.0,2.0
tuyz,LOUD,https://www.vlr.gg/player/2408/tuyz,Americas,312803,162373,IceboxPICK,bo1,1.12,131.0,8.0,6.0,6.0,1.33,80%,110.0,40%,0.0,0.0
ambitioN,LOUD,https://www.vlr.gg/player/1575/ambition,Americas,312803,162373,IceboxPICK,bo1,0.95,249.0,14.0,12.0,0.0,1.17,73%,156.0,27%,4.0,1.0
Smoggy,EDG,https://www.vlr.gg/player/4742/smoggy,CN,312803,162373,IceboxPICK,bo1,1.43,276.0,14.0,11.0,4.0,1.27,53%,170.0,24%,2.0,1.0
nobody,EDG,https://www.vlr.gg/player/3017/nobody,CN,312803,162373,IceboxPICK,bo1,0.81,185.0,9.0,13.0,3.0,0.69,67%,144.0,34%,1.0,2.0
CHICHOO,EDG,https://www.vlr.gg/player/15559/chichoo,CN,312803,162373,IceboxPICK,bo1,0.76,159.0,8.0,12.0,2.0,0.67,60%,111.0,22%,1.0,1.0
Haodong,EDG,https://www.vlr.gg/player/4720/haodong,CN,312803,162373,IceboxPICK,bo1,0.43,127.0,6.0,14.0,5.0,0.43,60%,102.0,30%,0.0,3.0
ZmjjKK,EDG,https://www.vlr.gg/player/3520/zmjjkk,CN,312803,162373,IceboxPICK,bo1,0.18,77.0,4.0,15.0,0.0,0.27,27%,41.0,18%,1.0,3.0
ambitioN,LOUD,https://www.vlr.gg/player/1575/ambition,Americas,312803,162374,SunsetPICK,bo1,2.04,380.0,24.0,7.0,3.0,3.43,88%,270.0,44%,3.0,1.0
tuyz,LOUD,https://www.vlr.gg/player/2408/tuyz,Americas,312803,162374,SunsetPICK,bo1,1.38,172.0,13.0,7.0,3.0,1.86,75%,114.0,24%,1.0,1.0
cauanzin,LOUD,https://www.vlr.gg/player/6193/cauanzin,Americas,312803,162374,SunsetPICK,bo1,1.36,276.0,16.0,10.0,7.0,1.6,94%,173.0,24%,4.0,1.0
saadhak,LOUD,https://www.vlr.gg/player/727/saadhak,Americas,312803,162374,SunsetPICK,bo1,1.15,152.0,9.0,7.0,6.0,1.29,81%,105.0,26%,1.0,0.0
Less,LOUD,https://www.vlr.gg/player/8447/less,Americas,312803,162374,SunsetPICK,bo1,1.1,151.0,8.0,7.0,7.0,1.14,81%,110.0,20%,3.0,1.0
ZmjjKK,EDG,https://www.vlr.gg/player/3520/zmjjkk,CN,312803,162374,SunsetPICK,bo1,0.89,236.0,13.0,14.0,0.0,0.93,56%,156.0,28%,3.0,2.0
Smoggy,EDG,https://www.vlr.gg/player/4742/smoggy,CN,312803,162374,SunsetPICK,bo1,0.66,151.0,9.0,13.0,5.0,0.69,63%,99.0,32%,0.0,3.0
nobody,EDG,https://www.vlr.gg/player/3017/nobody,CN,312803,162374,SunsetPICK,bo1,0.62,137.0,7.0,14.0,1.0,0.5,44%,102.0,47%,1.0,3.0
CHICHOO,EDG,https://www.vlr.gg/player/15559/chichoo,CN,312803,162374,SunsetPICK,bo1,0.48,127.0,6.0,14.0,3.0,0.43,44%,87.0,33%,0.0,3.0
Haodong,EDG,https://www.vlr.gg/player/4720/haodong,CN,312803,162374,SunsetPICK,bo1,0.23,78.0,3.0,15.0,5.0,0.2,44%,70.0,33%,0.0,1.0
N4RRATE,KC,https://www.vlr.gg/player/36245/n4rrate,EMEA,312802,162370,BindPICK,bo1,1.26,268.0,20.0,18.0,7.0,1.11,65%,176.0,14%,4.0,3.0
MAGNUM,KC,https://www.vlr.gg/player/2173/magnum,EMEA,312802,162370,BindPICK,bo1,1.23,230.0,18.0,16.0,10.0,1.12,61%,145.0,32%,2.0,3.0
marteen,KC,https://www.vlr.gg/player/10307/marteen,EMEA,312802,162370,BindPICK,bo1,0.97,183.0,16.0,18.0,5.0,0.89,78%,126.0,33%,2.0,3.0
sh1n,KC,https://www.vlr.gg/player/2625/sh1n,EMEA,312802,162370,BindPICK,bo1,0.71,155.0,12.0,16.0,7.0,0.75,74%,96.0,24%,2.0,2.0
tomaszy,KC,https://www.vlr.gg/player/19691/tomaszy,EMEA,312802,162370,BindPICK,bo1,0.69,130.0,9.0,16.0,8.0,0.56,65%,108.0,38%,0.0,2.0
Monyet,PRX,https://www.vlr.gg/player/8497/monyet,Pacific,312802,162370,BindPICK,bo1,1.28,259.0,20.0,17.0,7.0,1.18,70%,185.0,21%,2.0,3.0
d4v41,PRX,https://www.vlr.gg/player/9803/d4v41,Pacific,312802,162370,BindPICK,bo1,1.09,158.0,14.0,11.0,4.0,1.27,65%,109.0,28%,1.0,1.0
mindfreak,PRX,https://www.vlr.gg/player/9800/mindfreak,Pacific,312802,162370,BindPICK,bo1,1.0,224.0,18.0,16.0,8.0,1.12,83%,138.0,45%,2.0,1.0
something,PRX,https://www.vlr.gg/player/17086/something,Pacific,312802,162370,BindPICK,bo1,0.95,186.0,16.0,16.0,4.0,1.0,70%,114.0,32%,5.0,1.0
f0rsakeN,PRX,https://www.vlr.gg/player/9801/f0rsaken,Pacific,312802,162370,BindPICK,bo1,0.89,195.0,16.0,15.0,5.0,1.07,87%,132.0,35%,3.0,4.0
N4RRATE,KC,https://www.vlr.gg/player/36245/n4rrate,EMEA,312802,162371,LotusPICK,bo1,1.8,272.0,18.0,9.0,7.0,2.0,95%,192.0,30%,3.0,0.0
MAGNUM,KC,https://www.vlr.gg/player/2173/magnum,EMEA,312802,162371,LotusPICK,bo1,1.12,203.0,14.0,11.0,2.0,1.27,74%,118.0,13%,5.0,1.0
sh1n,KC,https://www.vlr.gg/player/2625/sh1n,EMEA,312802,162371,LotusPICK,bo1,1.0,182.0,13.0,11.0,11.0,1.18,79%,108.0,27%,1.0,2.0
marteen,KC,https://www.vlr.gg/player/10307/marteen,EMEA,312802,162371,LotusPICK,bo1,0.96,243.0,17.0,14.0,5.0,1.21,79%,151.0,16%,3.0,2.0
tomaszy,KC,https://www.vlr.gg/player/19691/tomaszy,EMEA,312802,162371,LotusPICK,bo1,0.91,153.0,10.0,12.0,6.0,0.83,74%,123.0,47%,0.0,2.0
d4v41,PRX,https://www.vlr.gg/player/9803/d4v41,Pacific,312802,162371,LotusPICK,bo1,1.19,235.0,13.0,14.0,13.0,0.93,68%,167.0,35%,1.0,0.0
something,PRX,https://www.vlr.gg/player/17086/something,Pacific,312802,162371,LotusPICK,bo1,0.86,201.0,14.0,13.0,0.0,1.08,58%,107.0,18%,2.0,3.0
mindfreak,PRX,https://www.vlr.gg/player/9800/mindfreak,Pacific,312802,162371,LotusPICK,bo1,0.63,125.0,8.0,13.0,5.0,0.62,63%,76.0,30%,0.0,3.0
f0rsakeN,PRX,https://www.vlr.gg/player/9801/f0rsaken,Pacific,312802,162371,LotusPICK,bo1,0.62,182.0,11.0,16.0,3.0,0.69,58%,122.0,24%,2.0,2.0
Monyet,PRX,https://www.vlr.gg/player/8497/monyet,Pacific,312802,162371,LotusPICK,bo1,0.6,166.0,11.0,16.0,4.0,0.69,53%,114.0,29%,2.0,4.0
marteen,KC,https://www.vlr.gg/player/10307/marteen,EMEA,312802,162372,Ascent,bo1,1.52,327.0,29.0,19.0,8.0,1.53,81%,206.0,26%,6.0,6.0
MAGNUM,KC,https://www.vlr.gg/player/2173/magnum,EMEA,312802,162372,Ascent,bo1,1.0,168.0,15.0,16.0,14.0,0.94,77%,105.0,20%,2.0,1.0
N4RRATE,KC,https://www.vlr.gg/player/36245/n4rrate,EMEA,312802,162372,Ascent,bo1,0.93,184.0,17.0,18.0,18.0,0.94,85%,107.0,24%,2.0,3.0
sh1n,KC,https://www.vlr.gg/player/2625/sh1n,EMEA,312802,162372,Ascent,bo1,0.85,153.0,14.0,18.0,11.0,0.78,85%,99.0,33%,2.0,2.0
tomaszy,KC,https://www.vlr.gg/player/19691/tomaszy,EMEA,312802,162372,Ascent,bo1,0.83,164.0,15.0,17.0,7.0,0.88,58%,98.0,30%,1.0,1.0
f0rsakeN,PRX,https://www.vlr.gg/player/9801/f0rsaken,Pacific,312802,162372,Ascent,bo1,1.41,261.0,22.0,18.0,15.0,1.22,85%,170.0,28%,4.0,1.0
something,PRX,https://www.vlr.gg/player/17086/something,Pacific,312802,162372,Ascent,bo1,1.14,210.0,20.0,16.0,3.0,1.25,73%,140.0,14%,3.0,3.0
Monyet,PRX,https://www.vlr.gg/player/8497/monyet,Pacific,312802,162372,Ascent,bo1,0.91,210.0,18.0,19.0,5.0,0.95,58%,144.0,29%,6.0,8.0
d4v41,PRX,https://www.vlr.gg/player/9803/d4v41,Pacific,312802,162372,Ascent,bo1,0.84,172.0,16.0,19.0,10.0,0.84,58%,118.0,36%,0.0,1.0
mindfreak,PRX,https://www.vlr.gg/player/9800/mindfreak,Pacific,312802,162372,Ascent,bo1,0.79,131.0,12.0,18.0,5.0,0.67,65%,91.0,31%,0.0,0.0
Munchkin,GEN,https://www.vlr.gg/player/2489/munchkin,Pacific,312777,162341,SplitPICK,bo1,1.42,234.0,18.0,10.0,8.0,1.8,86%,155.0,22%,1.0,1.0
t3xture,GEN,https://www.vlr.gg/player/9196/t3xture,Pacific,312777,162341,SplitPICK,bo1,1.22,208.0,14.0,12.0,12.0,1.17,81%,156.0,18%,2.0,1.0
Lakia,GEN,https://www.vlr.gg/player/773/lakia,Pacific,312777,162341,SplitPICK,bo1,1.13,211.0,17.0,14.0,8.0,1.21,71%,141.0,20%,4.0,3.0
Karon,GEN,https://www.vlr.gg/player/34974/karon,Pacific,312777,162341,SplitPICK,bo1,1.0,215.0,13.0,16.0,15.0,0.81,76%,139.0,25%,3.0,0.0
Meteor,GEN,https://www.vlr.gg/player/13039/meteor,Pacific,312777,162341,SplitPICK,bo1,0.78,172.0,16.0,15.0,0.0,1.07,67%,124.0,26%,4.0,2.0
Monyet,PRX,https://www.vlr.gg/player/8497/monyet,Pacific,312777,162341,SplitPICK,bo1,1.2,272.0,20.0,17.0,12.0,1.18,86%,174.0,40%,2.0,2.0
f0rsakeN,PRX,https://www.vlr.gg/player/9801/f0rsaken,Pacific,312777,162341,SplitPICK,bo1,1.15,235.0,16.0,16.0,5.0,1.0,62%,166.0,28%,3.0,3.0
d4v41,PRX,https://www.vlr.gg/player/9803/d4v41,Pacific,312777,162341,SplitPICK,bo1,1.11,173.0,14.0,14.0,5.0,1.0,67%,105.0,38%,1.0,1.0
something,PRX,https://www.vlr.gg/player/17086/something,Pacific,312777,162341,SplitPICK,bo1,0.86,158.0,12.0,16.0,7.0,0.75,71%,115.0,26%,1.0,5.0
mindfreak,PRX,https://www.vlr.gg/player/9800/mindfreak,Pacific,312777,162341,SplitPICK,bo1,0.57,95.0,5.0,15.0,10.0,0.33,67%,71.0,22%,0.0,3.0
Meteor,GEN,https://www.vlr.gg/player/13039/meteor,Pacific,312777,162342,LotusPICK,bo1,1.3,240.0,20.0,14.0,3.0,1.43,91%,167.0,30%,3.0,0.0
t3xture,GEN,https://www.vlr.gg/player/9196/t3xture,Pacific,312777,162342,LotusPICK,bo1,1.16,252.0,21.0,18.0,4.0,1.17,82%,172.0,24%,6.0,2.0
Munchkin,GEN,https://www.vlr.gg/player/2489/munchkin,Pacific,312777,162342,LotusPICK,bo1,1.06,227.0,18.0,14.0,6.0,1.29,86%,149.0,15%,0.0,2.0
Karon,GEN,https://www.vlr.gg/player/34974/karon,Pacific,312777,162342,LotusPICK,bo1,0.99,214.0,17.0,15.0,8.0,1.13,77%,144.0,28%,4.0,1.0
Lakia,GEN,https://www.vlr.gg/player/773/lakia,Pacific,312777,162342,LotusPICK,bo1,0.9,170.0,15.0,15.0,6.0,1.0,73%,113.0,26%,0.0,4.0
d4v41,PRX,https://www.vlr.gg/player/9803/d4v41,Pacific,312777,162342,LotusPICK,bo1,1.67,302.0,25.0,15.0,8.0,1.67,77%,193.0,29%,0.0,0.0
something,PRX,https://www.vlr.gg/player/17086/something,Pacific,312777,162342,LotusPICK,bo1,0.96,241.0,18.0,21.0,7.0,0.86,64%,155.0,27%,4.0,2.0
f0rsakeN,PRX,https://www.vlr.gg/player/9801/f0rsaken,Pacific,312777,162342,LotusPICK,bo1,0.8,167.0,14.0,17.0,3.0,0.82,77%,122.0,42%,2.0,3.0
Monyet,PRX,https://www.vlr.gg/player/8497/monyet,Pacific,312777,162342,LotusPICK,bo1,0.63,148.0,11.0,19.0,7.0,0.58,64%,113.0,33%,2.0,5.0
mindfreak,PRX,https://www.vlr.gg/player/9800/mindfreak,Pacific,312777,162342,LotusPICK,bo1,0.49,133.0,8.0,19.0,7.0,0.42,55%,92.0,38%,1.0,3.0
Zellsis,SEN,https://www.vlr.gg/player/729/zellsis,Americas,312776,162338,SplitPICK,bo1,1.7,294.0,19.0,8.0,6.0,2.38,88%,186.0,24%,1.0,0.0
TenZ,SEN,https://www.vlr.gg/player/9/tenz,Americas,312776,162338,SplitPICK,bo1,1.42,217.0,15.0,9.0,13.0,1.67,88%,136.0,29%,1.0,0.0
johnqt,SEN,https://www.vlr.gg/player/1265/johnqt,Americas,312776,162338,SplitPICK,bo1,1.22,230.0,15.0,10.0,5.0,1.5,82%,128.0,31%,3.0,1.0
zekken,SEN,https://www.vlr.gg/player/4004/zekken,Americas,312776,162338,SplitPICK,bo1,1.03,246.0,13.0,13.0,11.0,1.0,82%,160.0,15%,6.0,1.0
Sacy,SEN,https://www.vlr.gg/player/659/sacy,Americas,312776,162338,SplitPICK,bo1,0.88,178.0,10.0,12.0,8.0,0.83,88%,108.0,27%,4.0,0.0
cauanzin,LOUD,https://www.vlr.gg/player/6193/cauanzin,Americas,312776,162338,SplitPICK,bo1,1.56,340.0,18.0,14.0,6.0,1.29,82%,224.0,29%,0.0,2.0
tuyz,LOUD,https://www.vlr.gg/player/2408/tuyz,Americas,312776,162338,SplitPICK,bo1,1.05,178.0,11.0,12.0,4.0,0.92,65%,122.0,31%,0.0,1.0
ambitioN,LOUD,https://www.vlr.gg/player/1575/ambition,Americas,312776,162338,SplitPICK,bo1,0.54,168.0,10.0,16.0,2.0,0.62,65%,109.0,19%,1.0,3.0
Less,LOUD,https://www.vlr.gg/player/8447/less,Americas,312776,162338,SplitPICK,bo1,0.47,114.0,6.0,15.0,7.0,0.4,59%,92.0,21%,0.0,3.0
saadhak,LOUD,https://www.vlr.gg/player/727/saadhak,Americas,312776,162338,SplitPICK,bo1,0.45,126.0,7.0,15.0,4.0,0.47,53%,85.0,12%,1.0,6.0
johnqt,SEN,https://www.vlr.gg/player/1265/johnqt,Americas,312776,162339,IceboxPICK,bo1,1.26,231.0,21.0,16.0,6.0,1.31,73%,160.0,20%,1.0,1.0
zekken,SEN,https://www.vlr.gg/player/4004/zekken,Americas,312776,162339,IceboxPICK,bo1,0.97,223.0,20.0,20.0,0.0,1.0,73%,135.0,22%,6.0,5.0
Zellsis,SEN,https://www.vlr.gg/player/729/zellsis,Americas,312776,162339,IceboxPICK,bo1,0.78,187.0,14.0,20.0,6.0,0.7,58%,128.0,13%,0.0,4.0
TenZ,SEN,https://www.vlr.gg/player/9/tenz,Americas,312776,162339,IceboxPICK,bo1,0.7,168.0,14.0,23.0,18.0,0.61,65%,103.0,30%,0.0,3.0
Sacy,SEN,https://www.vlr.gg/player/659/sacy,Americas,312776,162339,IceboxPICK,bo1,0.43,87.0,9.0,20.0,1.0,0.45,42%,61.0,19%,0.0,6.0
Less,LOUD,https://www.vlr.gg/player/8447/less,Americas,312776,162339,IceboxPICK,bo1,1.3,210.0,21.0,13.0,9.0,1.62,85%,136.0,32%,3.0,2.0
tuyz,LOUD,https://www.vlr.gg/player/2408/tuyz,Americas,312776,162339,IceboxPICK,bo1,1.18,199.0,20.0,15.0,10.0,1.33,69%,129.0,30%,2.0,0.0
saadhak,LOUD,https://www.vlr.gg/player/727/saadhak,Americas,312776,162339,IceboxPICK,bo1,1.16,225.0,19.0,15.0,9.0,1.27,81%,153.0,24%,3.0,3.0
ambitioN,LOUD,https://www.vlr.gg/player/1575/ambition,Americas,312776,162339,IceboxPICK,bo1,1.15,249.0,23.0,18.0,7.0,1.28,81%,166.0,30%,8.0,2.0
cauanzin,LOUD,https://www.vlr.gg/player/6193/cauanzin,Americas,312776,162339,IceboxPICK,bo1,0.91,185.0,16.0,17.0,4.0,0.94,69%,128.0,22%,3.0,0.0
johnqt,SEN,https://www.vlr.gg/player/1265/johnqt,Americas,312776,162340,Sunset,bo1,1.06,235.0,21.0,19.0,4.0,1.11,77%,169.0,34%,4.0,1.0
TenZ,SEN,https://www.vlr.gg/player/9/tenz,Americas,312776,162340,Sunset,bo1,1.01,207.0,18.0,20.0,10.0,0.9,65%,136.0,28%,1.0,1.0
Sacy,SEN,https://www.vlr.gg/player/659/sacy,Americas,312776,162340,Sunset,bo1,0.95,215.0,18.0,19.0,6.0,0.95,65%,150.0,18%,1.0,3.0
zekken,SEN,https://www.vlr.gg/player/4004/zekken,Americas,312776,162340,Sunset,bo1,0.73,166.0,14.0,21.0,5.0,0.67,54%,122.0,25%,3.0,7.0
Zellsis,SEN,https://www.vlr.gg/player/729/zellsis,Americas,312776,162340,Sunset,bo1,0.67,160.0,13.0,23.0,17.0,0.57,65%,100.0,12%,2.0,3.0
ambitioN,LOUD,https://www.vlr.gg/player/1575/ambition,Americas,312776,162340,Sunset,bo1,1.33,280.0,27.0,19.0,7.0,1.42,81%,173.0,24%,5.0,2.0
tuyz,LOUD,https://www.vlr.gg/player/2408/tuyz,Americas,312776,162340,Sunset,bo1,1.29,198.0,20.0,13.0,8.0,1.54,77%,135.0,20%,1.0,2.0
saadhak,LOUD,https://www.vlr.gg/player/727/saadhak,Americas,312776,162340,Sunset,bo1,1.23,226.0,21.0,17.0,10.0,1.24,73%,149.0,25%,4.0,2.0
Less,LOUD,https://www.vlr.gg/player/8447/less,Americas,312776,162340,Sunset,bo1,1.04,210.0,17.0,16.0,10.0,1.06,85%,164.0,36%,4.0,2.0
cauanzin,LOUD,https://www.vlr.gg/player/6193/cauanzin,Americas,312776,162340,Sunset,bo1,0.76,166.0,17.0,19.0,6.0,0.89,62%,109.0,21%,1.0,3.0
Munchkin,GEN,https://www.vlr.gg/player/2489/munchkin,Pacific,312778,162344,SplitPICK,bo1,1.49,224.0,14.0,9.0,10.0,1.56,67%,153.0,19%,1.0,0.0
Meteor,GEN,https://www.vlr.gg/player/13039/meteor,Pacific,312778,162344,SplitPICK,bo1,1.34,261.0,16.0,11.0,6.0,1.45,78%,171.0,33%,3.0,2.0
t3xture,GEN,https://www.vlr.gg/player/9196/t3xture,Pacific,312778,162344,SplitPICK,bo1,1.13,263.0,18.0,14.0,5.0,1.29,72%,168.0,18%,4.0,4.0
Karon,GEN,https://www.vlr.gg/player/34974/karon,Pacific,312778,162344,SplitPICK,bo1,0.71,139.0,10.0,13.0,6.0,0.77,72%,65.0,11%,2.0,1.0
Lakia,GEN,https://www.vlr.gg/player/773/lakia,Pacific,312778,162344,SplitPICK,bo1,0.52,91.0,6.0,12.0,3.0,0.5,50%,57.0,24%,0.0,1.0
Zellsis,SEN,https://www.vlr.gg/player/729/zellsis,Americas,312778,162344,SplitPICK,bo1,1.35,271.0,15.0,12.0,10.0,1.25,72%,175.0,18%,2.0,1.0
johnqt,SEN,https://www.vlr.gg/player/1265/johnqt,Americas,312778,162344,SplitPICK,bo1,1.33,265.0,18.0,10.0,4.0,1.8,89%,141.0,27%,3.0,0.0
Sacy,SEN,https://www.vlr.gg/player/659/sacy,Americas,312778,162344,SplitPICK,bo1,0.67,142.0,8.0,13.0,7.0,0.62,50%,100.0,11%,0.0,2.0
TenZ,SEN,https://www.vlr.gg/player/9/tenz,Americas,312778,162344,SplitPICK,bo1,0.64,139.0,8.0,14.0,13.0,0.57,67%,89.0,39%,1.0,3.0
zekken,SEN,https://www.vlr.gg/player/4004/zekken,Americas,312778,162344,SplitPICK,bo1,0.57,167.0,10.0,15.0,3.0,0.67,56%,108.0,13%,2.0,4.0
Meteor,GEN,https://www.vlr.gg/player/13039/meteor,Pacific,312778,162345,LotusPICK,bo1,1.33,291.0,21.0,15.0,1.0,1.4,85%,204.0,31%,2.0,4.0
Karon,GEN,https://www.vlr.gg/player/34974/karon,Pacific,312778,162345,LotusPICK,bo1,1.08,202.0,14.0,15.0,7.0,0.93,70%,142.0,25%,0.0,1.0
Munchkin,GEN,https://www.vlr.gg/player/2489/munchkin,Pacific,312778,162345,LotusPICK,bo1,0.71,128.0,8.0,13.0,5.0,0.62,55%,89.0,36%,1.0,1.0
Lakia,GEN,https://www.vlr.gg/player/773/lakia,Pacific,312778,162345,LotusPICK,bo1,0.55,109.0,8.0,15.0,4.0,0.53,60%,80.0,16%,1.0,2.0
t3xture,GEN,https://www.vlr.gg/player/9196/t3xture,Pacific,312778,162345,LotusPICK,bo1,0.49,141.0,9.0,18.0,2.0,0.5,70%,93.0,13%,5.0,3.0
zekken,SEN,https://www.vlr.gg/player/4004/zekken,Americas,312778,162345,LotusPICK,bo1,1.77,315.0,23.0,10.0,5.0,2.3,85%,197.0,18%,6.0,2.0
johnqt,SEN,https://www.vlr.gg/player/1265/johnqt,Americas,312778,162345,LotusPICK,bo1,1.51,240.0,18.0,9.0,6.0,2.0,90%,147.0,29%,1.0,0.0
Sacy,SEN,https://www.vlr.gg/player/659/sacy,Americas,312778,162345,LotusPICK,bo1,1.05,196.0,13.0,14.0,13.0,0.93,75%,146.0,30%,1.0,3.0
Zellsis,SEN,https://www.vlr.gg/player/729/zellsis,Americas,312778,162345,LotusPICK,bo1,1.01,186.0,14.0,12.0,3.0,1.17,70%,108.0,12%,2.0,2.0
TenZ,SEN,https://www.vlr.gg/player/9/tenz,Americas,312778,162345,LotusPICK,bo1,0.53,119.0,8.0,15.0,8.0,0.53,75%,78.0,33%,1.0,2.0
Meteor,GEN,https://www.vlr.gg/player/13039/meteor,Pacific,312778,162346,Breeze,bo1,1.54,307.0,19.0,9.0,8.0,2.11,88%,212.0,49%,2.0,2.0
t3xture,GEN,https://www.vlr.gg/player/9196/t3xture,Pacific,312778,162346,Breeze,bo1,1.46,248.0,15.0,8.0,2.0,1.88,88%,168.0,19%,3.0,2.0
Munchkin,GEN,https://www.vlr.gg/player/2489/munchkin,Pacific,312778,162346,Breeze,bo1,1.41,188.0,13.0,5.0,2.0,2.6,88%,144.0,41%,2.0,0.0
Karon,GEN,https://www.vlr.gg/player/34974/karon,Pacific,312778,162346,Breeze,bo1,1.2,206.0,13.0,9.0,8.0,1.44,88%,160.0,37%,2.0,1.0
Lakia,GEN,https://www.vlr.gg/player/773/lakia,Pacific,312778,162346,Breeze,bo1,1.04,197.0,10.0,9.0,10.0,1.11,81%,124.0,23%,1.0,1.0
Sacy,SEN,https://www.vlr.gg/player/659/sacy,Americas,312778,162346,Breeze,bo1,1.37,272.0,15.0,14.0,3.0,1.07,81%,173.0,50%,2.0,0.0
johnqt,SEN,https://www.vlr.gg/player/1265/johnqt,Americas,312778,162346,Breeze,bo1,0.79,137.0,9.0,12.0,2.0,0.75,63%,92.0,42%,0.0,1.0
Zellsis,SEN,https://www.vlr.gg/player/729/zellsis,Americas,312778,162346,Breeze,bo1,0.71,134.0,5.0,13.0,7.0,0.38,50%,101.0,35%,0.0,0.0
zekken,SEN,https://www.vlr.gg/player/4004/zekken,Americas,312778,162346,Breeze,bo1,0.58,150.0,7.0,15.0,4.0,0.47,69%,96.0,25%,3.0,7.0
TenZ,SEN,https://www.vlr.gg/player/9/tenz,Americas,312778,162346,Breeze,bo1,0.19,87.0,4.0,16.0,9.0,0.25,75%,53.0,13%,1.0,2.0
something,PRX,https://www.vlr.gg/player/17086/something,Pacific,312780,162352,AscentPICK,bo1,1.44,261.0,22.0,14.0,6.0,1.57,79%,156.0,19%,7.0,1.0
f0rsakeN,PRX,https://www.vlr.gg/player/9801/f0rsaken,Pacific,312780,162352,AscentPICK,bo1,1.17,210.0,17.0,14.0,7.0,1.21,75%,133.0,30%,4.0,0.0
d4v41,PRX,https://www.vlr.gg/player/9803/d4v41,Pacific,312780,162352,AscentPICK,bo1,1.01,204.0,19.0,19.0,7.0,1.0,71%,128.0,32%,2.0,0.0
Monyet,PRX,https://www.vlr.gg/player/8497/monyet,Pacific,312780,162352,AscentPICK,bo1,0.79,176.0,13.0,17.0,10.0,0.76,75%,122.0,13%,2.0,5.0
mindfreak,PRX,https://www.vlr.gg/player/9800/mindfreak,Pacific,312780,162352,AscentPICK,bo1,0.79,150.0,13.0,17.0,6.0,0.76,58%,110.0,39%,1.0,2.0
tuyz,LOUD,https://www.vlr.gg/player/2408/tuyz,Americas,312780,162352,AscentPICK,bo1,1.39,225.0,20.0,14.0,6.0,1.43,79%,144.0,32%,1.0,2.0
cauanzin,LOUD,https://www.vlr.gg/player/6193/cauanzin,Americas,312780,162352,AscentPICK,bo1,1.0,206.0,18.0,19.0,5.0,0.95,67%,128.0,17%,4.0,1.0
Less,LOUD,https://www.vlr.gg/player/8447/less,Americas,312780,162352,AscentPICK,bo1,0.93,184.0,16.0,17.0,7.0,0.94,71%,145.0,28%,1.0,4.0
saadhak,LOUD,https://www.vlr.gg/player/727/saadhak,Americas,312780,162352,AscentPICK,bo1,0.82,163.0,12.0,17.0,9.0,0.71,63%,110.0,14%,1.0,5.0
ambitioN,LOUD,https://www.vlr.gg/player/1575/ambition,Americas,312780,162352,AscentPICK,bo1,0.73,166.0,15.0,17.0,4.0,0.88,58%,120.0,31%,1.0,4.0
something,PRX,https://www.vlr.gg/player/17086/something,Pacific,312780,163448,SunsetPICK,bo1,1.48,277.0,22.0,13.0,7.0,1.69,76%,180.0,30%,0.0,1.0
mindfreak,PRX,https://www.vlr.gg/player/9800/mindfreak,Pacific,312780,163448,SunsetPICK,bo1,1.22,218.0,18.0,12.0,3.0,1.5,76%,135.0,37%,2.0,2.0
Monyet,PRX,https://www.vlr.gg/player/8497/monyet,Pacific,312780,163448,SunsetPICK,bo1,1.01,182.0,14.0,15.0,7.0,0.93,67%,115.0,28%,5.0,2.0
f0rsakeN,PRX,https://www.vlr.gg/player/9801/f0rsaken,Pacific,312780,163448,SunsetPICK,bo1,0.96,241.0,17.0,17.0,11.0,1.0,67%,154.0,24%,5.0,2.0
d4v41,PRX,https://www.vlr.gg/player/9803/d4v41,Pacific,312780,163448,SunsetPICK,bo1,0.84,160.0,11.0,15.0,15.0,0.73,81%,108.0,13%,1.0,1.0
cauanzin,LOUD,https://www.vlr.gg/player/6193/cauanzin,Americas,312780,163448,SunsetPICK,bo1,1.36,303.0,22.0,16.0,6.0,1.38,67%,187.0,32%,2.0,4.0
Less,LOUD,https://www.vlr.gg/player/8447/less,Americas,312780,163448,SunsetPICK,bo1,1.35,272.0,21.0,14.0,6.0,1.5,71%,177.0,40%,1.0,2.0
tuyz,LOUD,https://www.vlr.gg/player/2408/tuyz,Americas,312780,163448,SunsetPICK,bo1,0.96,192.0,16.0,17.0,3.0,0.94,71%,110.0,30%,3.0,1.0
saadhak,LOUD,https://www.vlr.gg/player/727/saadhak,Americas,312780,163448,SunsetPICK,bo1,0.5,115.0,7.0,17.0,8.0,0.41,62%,82.0,11%,1.0,3.0
ambitioN,LOUD,https://www.vlr.gg/player/1575/ambition,Americas,312780,163448,SunsetPICK,bo1,0.39,110.0,6.0,18.0,7.0,0.33,67%,83.0,31%,1.0,3.0
zekken,SEN,https://www.vlr.gg/player/4004/zekken,Americas,312781,162353,LotusPICK,bo1,1.58,326.0,32.0,16.0,2.0,2.0,85%,205.0,27%,8.0,4.0
TenZ,SEN,https://www.vlr.gg/player/9/tenz,Americas,312781,162353,LotusPICK,bo1,1.39,271.0,25.0,16.0,15.0,1.56,77%,167.0,44%,1.0,0.0
johnqt,SEN,https://www.vlr.gg/player/1265/johnqt,Americas,312781,162353,LotusPICK,bo1,1.3,211.0,19.0,13.0,14.0,1.46,81%,133.0,22%,2.0,1.0
Sacy,SEN,https://www.vlr.gg/player/659/sacy,Americas,312781,162353,LotusPICK,bo1,0.87,158.0,13.0,17.0,14.0,0.76,81%,110.0,21%,1.0,2.0
Zellsis,SEN,https://www.vlr.gg/player/729/zellsis,Americas,312781,162353,LotusPICK,bo1,0.81,169.0,13.0,18.0,8.0,0.72,77%,114.0,15%,4.0,3.0
something,PRX,https://www.vlr.gg/player/17086/something,Pacific,312781,162353,LotusPICK,bo1,1.05,218.0,21.0,18.0,1.0,1.17,54%,137.0,31%,5.0,6.0
mindfreak,PRX,https://www.vlr.gg/player/9800/mindfreak,Pacific,312781,162353,LotusPICK,bo1,0.95,206.0,20.0,21.0,4.0,0.95,50%,130.0,31%,0.0,2.0
d4v41,PRX,https://www.vlr.gg/player/9803/d4v41,Pacific,312781,162353,LotusPICK,bo1,0.87,138.0,11.0,17.0,9.0,0.65,65%,91.0,17%,0.0,0.0
f0rsakeN,PRX,https://www.vlr.gg/player/9801/f0rsaken,Pacific,312781,162353,LotusPICK,bo1,0.74,193.0,16.0,21.0,9.0,0.76,54%,129.0,54%,2.0,3.0
Monyet,PRX,https://www.vlr.gg/player/8497/monyet,Pacific,312781,162353,LotusPICK,bo1,0.4,153.0,12.0,25.0,2.0,0.48,54%,100.0,20%,3.0,5.0
zekken,SEN,https://www.vlr.gg/player/4004/zekken,Americas,312781,162354,AscentPICK,bo1,1.71,351.0,25.0,10.0,3.0,2.5,74%,223.0,32%,5.0,5.0
TenZ,SEN,https://www.vlr.gg/player/9/tenz,Americas,312781,162354,AscentPICK,bo1,1.28,225.0,16.0,11.0,13.0,1.45,74%,140.0,35%,4.0,1.0
Sacy,SEN,https://www.vlr.gg/player/659/sacy,Americas,312781,162354,AscentPICK,bo1,1.26,216.0,14.0,10.0,6.0,1.4,84%,133.0,18%,1.0,1.0
johnqt,SEN,https://www.vlr.gg/player/1265/johnqt,Americas,312781,162354,AscentPICK,bo1,1.26,176.0,13.0,8.0,4.0,1.62,84%,120.0,16%,1.0,0.0
Zellsis,SEN,https://www.vlr.gg/player/729/zellsis,Americas,312781,162354,AscentPICK,bo1,0.9,131.0,7.0,12.0,19.0,0.58,68%,82.0,13%,1.0,0.0
f0rsakeN,PRX,https://www.vlr.gg/player/9801/f0rsaken,Pacific,312781,162354,AscentPICK,bo1,0.85,182.0,13.0,14.0,6.0,0.93,68%,121.0,57%,0.0,3.0
Monyet,PRX,https://www.vlr.gg/player/8497/monyet,Pacific,312781,162354,AscentPICK,bo1,0.85,212.0,13.0,17.0,2.0,0.76,58%,137.0,16%,3.0,4.0
mindfreak,PRX,https://www.vlr.gg/player/9800/mindfreak,Pacific,312781,162354,AscentPICK,bo1,0.83,173.0,12.0,13.0,3.0,0.92,58%,112.0,33%,0.0,1.0
something,PRX,https://www.vlr.gg/player/17086/something,Pacific,312781,162354,AscentPICK,bo1,0.78,143.0,8.0,14.0,6.0,0.57,53%,88.0,22%,3.0,1.0
d4v41,PRX,https://www.vlr.gg/player/9803/d4v41,Pacific,312781,162354,AscentPICK,bo1,0.39,94.0,5.0,17.0,6.0,0.29,47%,65.0,25%,1.0,3.0
zekken,SEN,https://www.vlr.gg/player/4004/zekken,Americas,312781,162355,SplitPICK,bo1,0.85,238.0,13.0,17.0,6.0,0.76,67%,172.0,25%,0.0,4.0
Sacy,SEN,https://www.vlr.gg/player/659/sacy,Americas,312781,162355,SplitPICK,bo1,0.8,177.0,12.0,16.0,7.0,0.75,67%,100.0,29%,2.0,4.0
Zellsis,SEN,https://www.vlr.gg/player/729/zellsis,Americas,312781,162355,SplitPICK,bo1,0.8,181.0,11.0,15.0,3.0,0.73,50%,109.0,19%,0.0,3.0
johnqt,SEN,https://www.vlr.gg/player/1265/johnqt,Americas,312781,162355,SplitPICK,bo1,0.7,163.0,9.0,15.0,2.0,0.6,67%,107.0,23%,2.0,1.0
TenZ,SEN,https://www.vlr.gg/player/9/tenz,Americas,312781,162355,SplitPICK,bo1,0.52,179.0,10.0,18.0,7.0,0.56,72%,119.0,29%,0.0,2.0
Monyet,PRX,https://www.vlr.gg/player/8497/monyet,Pacific,312781,162355,SplitPICK,bo1,1.63,340.0,24.0,10.0,3.0,2.4,89%,193.0,18%,6.0,2.0
f0rsakeN,PRX,https://www.vlr.gg/player/9801/f0rsaken,Pacific,312781,162355,SplitPICK,bo1,1.37,239.0,15.0,12.0,14.0,1.25,89%,161.0,15%,2.0,0.0
mindfreak,PRX,https://www.vlr.gg/player/9800/mindfreak,Pacific,312781,162355,SplitPICK,bo1,1.36,198.0,15.0,9.0,7.0,1.67,83%,121.0,48%,2.0,0.0
d4v41,PRX,https://www.vlr.gg/player/9803/d4v41,Pacific,312781,162355,SplitPICK,bo1,1.18,223.0,15.0,12.0,9.0,1.25,83%,144.0,33%,2.0,0.0
something,PRX,https://www.vlr.gg/player/17086/something,Pacific,312781,162355,SplitPICK,bo1,0.93,175.0,12.0,12.0,5.0,1.0,78%,113.0,27%,2.0,2.0
TenZ,SEN,https://www.vlr.gg/player/9/tenz,Americas,312781,162356,SunsetPICK,bo1,1.97,345.0,22.0,9.0,10.0,2.44,94%,214.0,42%,3.0,0.0
johnqt,SEN,https://www.vlr.gg/player/1265/johnqt,Americas,312781,162356,SunsetPICK,bo1,1.43,247.0,15.0,8.0,4.0,1.88,94%,153.0,28%,2.0,0.0
zekken,SEN,https://www.vlr.gg/player/4004/zekken,Americas,312781,162356,SunsetPICK,bo1,1.25,318.0,18.0,12.0,2.0,1.5,81%,192.0,21%,5.0,3.0
Zellsis,SEN,https://www.vlr.gg/player/729/zellsis,Americas,312781,162356,SunsetPICK,bo1,1.19,205.0,11.0,8.0,12.0,1.38,94%,126.0,17%,1.0,0.0
Sacy,SEN,https://www.vlr.gg/player/659/sacy,Americas,312781,162356,SunsetPICK,bo1,1.03,138.0,8.0,6.0,8.0,1.33,88%,78.0,21%,1.0,1.0
something,PRX,https://www.vlr.gg/player/17086/something,Pacific,312781,162356,SunsetPICK,bo1,0.87,217.0,10.0,15.0,8.0,0.67,69%,158.0,27%,2.0,3.0
d4v41,PRX,https://www.vlr.gg/player/9803/d4v41,Pacific,312781,162356,SunsetPICK,bo1,0.86,187.0,10.0,14.0,7.0,0.71,75%,129.0,26%,1.0,3.0
f0rsakeN,PRX,https://www.vlr.gg/player/9801/f0rsaken,Pacific,312781,162356,SunsetPICK,bo1,0.71,129.0,8.0,14.0,5.0,0.57,50%,88.0,15%,0.0,2.0
Monyet,PRX,https://www.vlr.gg/player/8497/monyet,Pacific,312781,162356,SunsetPICK,bo1,0.65,185.0,11.0,15.0,3.0,0.73,38%,119.0,26%,1.0,3.0
mindfreak,PRX,https://www.vlr.gg/player/9800/mindfreak,Pacific,312781,162356,SunsetPICK,bo1,0.19,89.0,4.0,16.0,2.0,0.25,38%,63.0,36%,0.0,1.0
Kyedae,INTL,https://www.vlr.gg/player/37656/kyedae,,321373,164449,Ascent,bo1,,,,,,,,,,,
yjj,yjj,,,321373,164449,Ascent,bo1,,,,,,,,,,,
mimi,INTL,https://www.vlr.gg/player/17323/mimi,,321373,164449,Ascent,bo1,,,,,,,,,,,
jisou,jisou,,,321373,164449,Ascent,bo1,,,,,,,,,,,
fugu,fugu,,,321373,164449,Ascent,bo1,,,,,,,,,,,
Mixwell,Team,https://www.vlr.gg/player/93/mixwell,EMEA,321373,164449,Ascent,bo1,,,,,,,,,,,
HITBOXKING,Team,https://www.vlr.gg/player/534/hitboxking,,321373,164449,Ascent,bo1,,,,,,,,,,,
Leviathan,Team,https://www.vlr.gg/player/495/leviathan,,321373,164449,Ascent,bo1,,,,,,,,,,,
blackelespanolito,Team,https://www.vlr.gg/player/536/blackelespanolito,,321373,164449,Ascent,bo1,,,,,,,,,,,
sergioferra,sergioferra,,,321373,164449,Ascent,bo1,,,,,,,,,,,
Karon,GEN,https://www.vlr.gg/player/34974/karon,Pacific,312779,162347,BreezePICK,bo1,1.3,207.0,17.0,13.0,8.0,1.31,71%,153.0,34%,0.0,1.0
Munchkin,GEN,https://www.vlr.gg/player/2489/munchkin,Pacific,312779,162347,BreezePICK,bo1,1.06,244.0,19.0,15.0,2.0,1.27,67%,164.0,33%,0.0,5.0
Lakia,GEN,https://www.vlr.gg/player/773/lakia,Pacific,312779,162347,BreezePICK,bo1,1.0,169.0,12.0,13.0,7.0,0.92,76%,127.0,19%,3.0,1.0
Meteor,GEN,https://www.vlr.gg/player/13039/meteor,Pacific,312779,162347,BreezePICK,bo1,0.87,172.0,13.0,14.0,4.0,0.93,62%,109.0,28%,1.0,5.0
t3xture,GEN,https://www.vlr.gg/player/9196/t3xture,Pacific,312779,162347,BreezePICK,bo1,0.81,200.0,15.0,17.0,1.0,0.88,57%,130.0,36%,2.0,3.0
TenZ,SEN,https://www.vlr.gg/player/9/tenz,Americas,312779,162347,BreezePICK,bo1,1.24,235.0,16.0,15.0,12.0,1.07,76%,141.0,28%,3.0,0.0
zekken,SEN,https://www.vlr.gg/player/4004/zekken,Americas,312779,162347,BreezePICK,bo1,1.2,260.0,20.0,16.0,3.0,1.25,67%,152.0,29%,7.0,4.0
Zellsis,SEN,https://www.vlr.gg/player/729/zellsis,Americas,312779,162347,BreezePICK,bo1,0.88,164.0,12.0,14.0,5.0,0.86,62%,106.0,30%,1.0,0.0
johnqt,SEN,https://www.vlr.gg/player/1265/johnqt,Americas,312779,162347,BreezePICK,bo1,0.75,164.0,12.0,15.0,3.0,0.8,71%,102.0,28%,3.0,2.0
Sacy,SEN,https://www.vlr.gg/player/659/sacy,Americas,312779,162347,BreezePICK,bo1,0.68,161.0,12.0,16.0,2.0,0.75,67%,104.0,24%,1.0,0.0
Meteor,GEN,https://www.vlr.gg/player/13039/meteor,Pacific,312779,162348,BindPICK,bo1,1.17,245.0,22.0,17.0,8.0,1.29,69%,158.0,31%,3.0,4.0
Karon,GEN,https://www.vlr.gg/player/34974/karon,Pacific,312779,162348,BindPICK,bo1,1.11,211.0,20.0,18.0,7.0,1.11,77%,137.0,25%,3.0,1.0
Munchkin,GEN,https://www.vlr.gg/player/2489/munchkin,Pacific,312779,162348,BindPICK,bo1,1.08,196.0,15.0,17.0,16.0,0.88,69%,138.0,22%,2.0,2.0
Lakia,GEN,https://www.vlr.gg/player/773/lakia,Pacific,312779,162348,BindPICK,bo1,1.07,201.0,19.0,18.0,9.0,1.06,77%,122.0,30%,1.0,2.0
t3xture,GEN,https://www.vlr.gg/player/9196/t3xture,Pacific,312779,162348,BindPICK,bo1,0.56,115.0,11.0,18.0,3.0,0.61,58%,93.0,28%,1.0,7.0
Sacy,SEN,https://www.vlr.gg/player/659/sacy,Americas,312779,162348,BindPICK,bo1,1.38,245.0,23.0,18.0,14.0,1.28,73%,154.0,27%,4.0,1.0
Zellsis,SEN,https://www.vlr.gg/player/729/zellsis,Americas,312779,162348,BindPICK,bo1,1.11,175.0,15.0,15.0,19.0,1.0,81%,118.0,26%,1.0,2.0
zekken,SEN,https://www.vlr.gg/player/4004/zekken,Americas,312779,162348,BindPICK,bo1,1.02,253.0,21.0,21.0,7.0,1.0,85%,168.0,13%,6.0,3.0
TenZ,SEN,https://www.vlr.gg/player/9/tenz,Americas,312779,162348,BindPICK,bo1,0.95,178.0,16.0,18.0,9.0,0.89,73%,110.0,28%,4.0,3.0
johnqt,SEN,https://www.vlr.gg/player/1265/johnqt,Americas,312779,162348,BindPICK,bo1,0.89,144.0,13.0,15.0,7.0,0.87,77%,94.0,24%,1.0,1.0
Munchkin,GEN,https://www.vlr.gg/player/2489/munchkin,Pacific,312779,162349,AscentPICK,bo1,1.32,207.0,18.0,11.0,9.0,1.64,81%,133.0,16%,1.0,0.0
Lakia,GEN,https://www.vlr.gg/player/773/lakia,Pacific,312779,162349,AscentPICK,bo1,1.18,213.0,15.0,13.0,7.0,1.15,81%,153.0,15%,0.0,2.0
t3xture,GEN,https://www.vlr.gg/player/9196/t3xture,Pacific,312779,162349,AscentPICK,bo1,1.03,247.0,19.0,17.0,3.0,1.12,81%,157.0,27%,6.0,3.0
Meteor,GEN,https://www.vlr.gg/player/13039/meteor,Pacific,312779,162349,AscentPICK,bo1,0.91,194.0,14.0,16.0,5.0,0.88,76%,129.0,22%,0.0,3.0
Karon,GEN,https://www.vlr.gg/player/34974/karon,Pacific,312779,162349,AscentPICK,bo1,0.9,177.0,13.0,14.0,10.0,0.93,76%,108.0,31%,4.0,2.0
TenZ,SEN,https://www.vlr.gg/player/9/tenz,Americas,312779,162349,AscentPICK,bo1,1.21,225.0,19.0,16.0,6.0,1.19,76%,151.0,40%,1.0,2.0
Sacy,SEN,https://www.vlr.gg/player/659/sacy,Americas,312779,162349,AscentPICK,bo1,1.04,191.0,12.0,15.0,8.0,0.8,71%,133.0,19%,2.0,0.0
zekken,SEN,https://www.vlr.gg/player/4004/zekken,Americas,312779,162349,AscentPICK,bo1,1.03,251.0,19.0,18.0,5.0,1.06,62%,157.0,23%,4.0,4.0
johnqt,SEN,https://www.vlr.gg/player/1265/johnqt,Americas,312779,162349,AscentPICK,bo1,0.89,164.0,12.0,14.0,4.0,0.86,76%,122.0,15%,2.0,2.0
Zellsis,SEN,https://www.vlr.gg/player/729/zellsis,Americas,312779,162349,AscentPICK,bo1,0.62,141.0,9.0,16.0,12.0,0.56,76%,92.0,19%,1.0,3.0
t3xture,GEN,https://www.vlr.gg/player/9196/t3xture,Pacific,312779,162350,SplitPICK,bo1,1.29,288.0,22.0,19.0,2.0,1.16,74%,179.0,17%,3.0,2.0
Meteor,GEN,https://www.vlr.gg/player/13039/meteor,Pacific,312779,162350,SplitPICK,bo1,0.94,230.0,20.0,20.0,2.0,1.0,57%,140.0,27%,5.0,2.0
Karon,GEN,https://www.vlr.gg/player/34974/karon,Pacific,312779,162350,SplitPICK,bo1,0.9,210.0,18.0,18.0,9.0,1.0,70%,134.0,29%,1.0,2.0
Munchkin,GEN,https://www.vlr.gg/player/2489/munchkin,Pacific,312779,162350,SplitPICK,bo1,0.53,104.0,6.0,16.0,12.0,0.38,48%,71.0,15%,0.0,3.0
Lakia,GEN,https://www.vlr.gg/player/773/lakia,Pacific,312779,162350,SplitPICK,bo1,0.49,102.0,9.0,18.0,4.0,0.5,65%,68.0,31%,1.0,3.0
zekken,SEN,https://www.vlr.gg/player/4004/zekken,Americas,312779,162350,SplitPICK,bo1,1.73,366.0,29.0,16.0,10.0,1.81,83%,240.0,24%,4.0,4.0
johnqt,SEN,https://www.vlr.gg/player/1265/johnqt,Americas,312779,162350,SplitPICK,bo1,1.33,228.0,19.0,14.0,11.0,1.36,87%,148.0,29%,1.0,0.0
TenZ,SEN,https://www.vlr.gg/player/9/tenz,Americas,312779,162350,SplitPICK,bo1,1.08,189.0,16.0,15.0,11.0,1.07,87%,113.0,46%,2.0,3.0
Sacy,SEN,https://www.vlr.gg/player/659/sacy,Americas,312779,162350,SplitPICK,bo1,1.0,155.0,14.0,15.0,10.0,0.93,87%,118.0,33%,3.0,1.0
Zellsis,SEN,https://www.vlr.gg/player/729/zellsis,Americas,312779,162350,SplitPICK,bo1,0.87,184.0,13.0,16.0,9.0,0.81,74%,126.0,28%,3.0,3.0
Munchkin,GEN,https://www.vlr.gg/player/2489/munchkin,Pacific,312779,162351,Icebox,bo1,0.94,171.0,13.0,14.0,8.0,0.93,68%,99.0,17%,1.0,4.0
t3xture,GEN,https://www.vlr.gg/player/9196/t3xture,Pacific,312779,162351,Icebox,bo1,0.86,221.0,15.0,16.0,3.0,0.94,74%,136.0,30%,0.0,1.0
Karon,GEN,https://www.vlr.gg/player/34974/karon,Pacific,312779,162351,Icebox,bo1,0.82,198.0,11.0,15.0,8.0,0.73,74%,127.0,22%,2.0,1.0
Lakia,GEN,https://www.vlr.gg/player/773/lakia,Pacific,312779,162351,Icebox,bo1,0.8,194.0,13.0,16.0,1.0,0.81,58%,155.0,26%,2.0,2.0
Meteor,GEN,https://www.vlr.gg/player/13039/meteor,Pacific,312779,162351,Icebox,bo1,0.4,138.0,7.0,17.0,3.0,0.41,63%,104.0,10%,3.0,3.0
Zellsis,SEN,https://www.vlr.gg/player/729/zellsis,Americas,312779,162351,Icebox,bo1,1.59,268.0,19.0,9.0,3.0,2.11,89%,183.0,20%,1.0,0.0
johnqt,SEN,https://www.vlr.gg/player/1265/johnqt,Americas,312779,162351,Icebox,bo1,1.37,190.0,14.0,9.0,8.0,1.56,89%,129.0,28%,2.0,1.0
TenZ,SEN,https://www.vlr.gg/player/9/tenz,Americas,312779,162351,Icebox,bo1,1.24,278.0,16.0,14.0,16.0,1.14,95%,185.0,17%,2.0,1.0
Sacy,SEN,https://www.vlr.gg/player/659/sacy,Americas,312779,162351,Icebox,bo1,1.13,202.0,17.0,13.0,3.0,1.31,84%,118.0,22%,0.0,1.0
zekken,SEN,https://www.vlr.gg/player/4004/zekken,Americas,312779,162351,Icebox,bo1,0.85,183.0,12.0,14.0,4.0,0.86,79%,129.0,21%,6.0,5.0
