Player,Org,ProfileURL,Region,MatchID,MapNum,MapName,SeriesFormat,R2.0,ACS,K,D,A,KAST,ADR,HS%,FK,FD,K:D
NoMan,XLG,https://www.vlr.gg/player/11527/noman,International,684613,270746,PearlPICK,bo3,1.17,236,15,14,2,68%,139,52%,2,3,1.07
Lysoar,XLG,https://www.vlr.gg/player/37489/lysoar,International,684613,270746,PearlPICK,bo3,0.88,173,12,15,8,68%,116,23%,0,1,0.8
happywei,XLG,https://www.vlr.gg/player/37927/happywei,International,684613,270746,PearlPICK,bo3,0.8,168,12,16,2,68%,110,38%,2,1,0.75
Rarga,XLG,https://www.vlr.gg/player/22047/rarga,International,684613,270746,PearlPICK,bo3,0.76,172,11,15,5,68%,116,50%,3,2,0.73
WsLeo,XLG,https://www.vlr.gg/player/24308/wsleo,International,684613,270746,PearlPICK,bo3,0.59,148,8,15,7,68%,104,16%,1,4,0.53
keiko,NRG,https://www.vlr.gg/player/11494/keiko,International,684613,270746,PearlPICK,bo3,1.69,352,26,14,3,84%,211,25%,2,0,1.86
brawk,NRG,https://www.vlr.gg/player/2172/brawk,International,684613,270746,PearlPICK,bo3,1.33,215,11,9,12,89%,173,25%,1,0,1.22
mada,NRG,https://www.vlr.gg/player/5132/mada,International,684613,270746,PearlPICK,bo3,1.04,211,17,11,2,63%,143,34%,4,4,1.55
Ethan,NRG,https://www.vlr.gg/player/11225/ethan,International,684613,270746,PearlPICK,bo3,0.92,196,13,13,4,84%,126,26%,3,4,1.0
skuba,NRG,https://www.vlr.gg/player/11118/skuba,International,684613,270746,PearlPICK,bo3,0.89,140,8,11,8,68%,94,19%,1,0,0.73
happywei,XLG,https://www.vlr.gg/player/37927/happywei,International,684613,270747,LotusPICK,bo3,1.17,252,22,17,4,79%,159,31%,4,0,1.29
WsLeo,XLG,https://www.vlr.gg/player/24308/wsleo,International,684613,270747,LotusPICK,bo3,1.06,233,18,19,10,71%,156,24%,3,3,0.95
Rarga,XLG,https://www.vlr.gg/player/22047/rarga,International,684613,270747,LotusPICK,bo3,0.86,148,14,16,7,79%,89,34%,1,3,0.88
Lysoar,XLG,https://www.vlr.gg/player/37489/lysoar,International,684613,270747,LotusPICK,bo3,0.82,160,14,18,11,75%,111,22%,2,0,0.78
NoMan,XLG,https://www.vlr.gg/player/11527/noman,International,684613,270747,LotusPICK,bo3,0.67,147,12,16,6,63%,90,24%,3,4,0.75
keiko,NRG,https://www.vlr.gg/player/11494/keiko,International,684613,270747,LotusPICK,bo3,1.97,388,34,15,5,75%,244,36%,5,1,2.27
skuba,NRG,https://www.vlr.gg/player/11118/skuba,International,684613,270747,LotusPICK,bo3,0.93,150,12,14,9,75%,107,20%,1,3,0.86
Ethan,NRG,https://www.vlr.gg/player/11225/ethan,International,684613,270747,LotusPICK,bo3,0.79,171,14,18,11,67%,110,18%,1,4,0.78
mada,NRG,https://www.vlr.gg/player/5132/mada,International,684613,270747,LotusPICK,bo3,0.78,157,13,16,6,75%,105,19%,2,4,0.81
brawk,NRG,https://www.vlr.gg/player/2172/brawk,International,684613,270747,LotusPICK,bo3,0.75,173,13,17,9,58%,119,11%,1,1,0.76
Derke,VIT,https://www.vlr.gg/player/5022/derke,International,684610,270737,LotusPICK,bo3,1.51,276,19,10,3,78%,180,38%,5,1,1.9
Sayonara,VIT,https://www.vlr.gg/player/33902/sayonara,International,684610,270737,LotusPICK,bo3,1.42,294,19,10,6,78%,180,19%,4,1,1.9
PROFEK,VIT,https://www.vlr.gg/player/5554/profek,International,684610,270737,LotusPICK,bo3,1.24,213,14,8,5,72%,141,25%,3,0,1.75
Jamppi,VIT,https://www.vlr.gg/player/9780/jamppi,International,684610,270737,LotusPICK,bo3,1.22,207,13,9,7,94%,151,24%,2,1,1.44
Chronicle,VIT,https://www.vlr.gg/player/458/chronicle,International,684610,270737,LotusPICK,bo3,1.0,177,13,8,4,78%,111,25%,0,1,1.62
vo0kashu,DRG,https://www.vlr.gg/player/3741/vo0kashu,International,684610,270737,LotusPICK,bo3,0.93,216,11,16,4,50%,147,30%,2,2,0.69
Life,DRG,https://www.vlr.gg/player/3028/life,International,684610,270737,LotusPICK,bo3,0.9,205,14,16,1,39%,119,63%,1,6,0.88
Nicc,DRG,https://www.vlr.gg/player/11524/nicc,International,684610,270737,LotusPICK,bo3,0.81,116,9,13,3,50%,76,46%,0,1,0.69
SpiritZ1,DRG,https://www.vlr.gg/player/31753/spiritz1,International,684610,270737,LotusPICK,bo3,0.41,136,8,17,2,56%,89,41%,1,3,0.47
Flex1n,DRG,https://www.vlr.gg/player/4705/flex1n,International,684610,270737,LotusPICK,bo3,0.3,82,3,16,6,44%,64,14%,0,2,0.19
Chronicle,VIT,https://www.vlr.gg/player/458/chronicle,International,684610,270738,BreezePICK,bo3,1.47,189,13,6,3,88%,139,21%,1,1,2.17
PROFEK,VIT,https://www.vlr.gg/player/5554/profek,International,684610,270738,BreezePICK,bo3,1.37,189,14,8,5,75%,117,42%,1,0,1.75
Derke,VIT,https://www.vlr.gg/player/5022/derke,International,684610,270738,BreezePICK,bo3,1.31,294,18,10,2,69%,181,36%,6,4,1.8
Sayonara,VIT,https://www.vlr.gg/player/33902/sayonara,International,684610,270738,BreezePICK,bo3,1.31,309,17,11,3,75%,208,38%,1,0,1.55
Jamppi,VIT,https://www.vlr.gg/player/9780/jamppi,International,684610,270738,BreezePICK,bo3,0.68,117,6,10,8,69%,77,35%,1,1,0.6
Life,DRG,https://www.vlr.gg/player/3028/life,International,684610,270738,BreezePICK,bo3,1.01,210,12,14,1,56%,121,44%,4,3,0.86
Nicc,DRG,https://www.vlr.gg/player/11524/nicc,International,684610,270738,BreezePICK,bo3,0.91,187,11,13,2,63%,134,26%,0,1,0.85
vo0kashu,DRG,https://www.vlr.gg/player/3741/vo0kashu,International,684610,270738,BreezePICK,bo3,0.78,184,8,13,10,75%,126,23%,0,1,0.62
SpiritZ1,DRG,https://www.vlr.gg/player/31753/spiritz1,International,684610,270738,BreezePICK,bo3,0.67,170,8,13,1,44%,125,35%,1,3,0.62
Flex1n,DRG,https://www.vlr.gg/player/4705/flex1n,International,684610,270738,BreezePICK,bo3,0.41,101,6,15,3,50%,77,38%,1,2,0.4
primmie,FS,https://www.vlr.gg/player/25255/primmie,International,684611,270740,FracturePICK,bo3,0.83,205,11,14,1,56%,124,26%,0,0,0.79
Crws,FS,https://www.vlr.gg/player/3977/crws,International,684611,270740,FracturePICK,bo3,0.71,162,8,15,8,56%,106,16%,1,2,0.53
Killua,FS,https://www.vlr.gg/player/13784/killua,International,684611,270740,FracturePICK,bo3,0.56,132,8,15,1,44%,91,41%,1,1,0.53
Leviathan,FS,https://www.vlr.gg/player/27254/leviathan,International,684611,270740,FracturePICK,bo3,0.54,122,6,15,4,38%,85,33%,1,3,0.4
JitBoyS,FS,https://www.vlr.gg/player/13788/jitboys,International,684611,270740,FracturePICK,bo3,0.03,61,3,16,0,31%,38,33%,1,6,0.19
s0pp,FUT,https://www.vlr.gg/player/39357/s0pp,International,684611,270740,FracturePICK,bo3,1.96,401,22,8,6,100%,254,31%,4,0,2.75
yetujey,FUT,https://www.vlr.gg/player/8369/yetujey,International,684611,270740,FracturePICK,bo3,1.61,251,15,6,6,81%,190,27%,2,0,2.5
xeus,FUT,https://www.vlr.gg/player/12793/xeus,International,684611,270740,FracturePICK,bo3,1.4,233,16,7,1,75%,138,36%,4,1,2.29
sociablEE,FUT,https://www.vlr.gg/player/5568/sociablee,International,684611,270740,FracturePICK,bo3,1.2,191,12,8,8,94%,112,30%,1,2,1.5
KROSTALY,FUT,https://www.vlr.gg/player/15735/krostaly,International,684611,270740,FracturePICK,bo3,1.06,157,10,7,4,88%,105,16%,1,1,1.43
primmie,FS,https://www.vlr.gg/player/25255/primmie,International,684611,270741,HavenPICK,bo3,1.3,282,19,15,7,70%,176,29%,1,2,1.27
Killua,FS,https://www.vlr.gg/player/13784/killua,International,684611,270741,HavenPICK,bo3,0.9,174,13,16,2,65%,101,25%,2,2,0.81
Crws,FS,https://www.vlr.gg/player/3977/crws,International,684611,270741,HavenPICK,bo3,0.66,103,7,14,5,55%,70,25%,0,1,0.5
Leviathan,FS,https://www.vlr.gg/player/27254/leviathan,International,684611,270741,HavenPICK,bo3,0.5,146,9,16,2,45%,103,14%,1,4,0.56
JitBoyS,FS,https://www.vlr.gg/player/13788/jitboys,International,684611,270741,HavenPICK,bo3,0.48,124,9,16,2,55%,94,38%,1,6,0.56
xeus,FUT,https://www.vlr.gg/player/12793/xeus,International,684611,270741,HavenPICK,bo3,1.4,287,22,12,1,80%,187,53%,2,0,1.83
KROSTALY,FUT,https://www.vlr.gg/player/15735/krostaly,International,684611,270741,HavenPICK,bo3,1.33,215,14,10,9,70%,152,26%,1,0,1.4
sociablEE,FUT,https://www.vlr.gg/player/5568/sociablee,International,684611,270741,HavenPICK,bo3,1.32,202,15,10,10,85%,139,22%,1,0,1.5
s0pp,FUT,https://www.vlr.gg/player/39357/s0pp,International,684611,270741,HavenPICK,bo3,1.32,263,19,13,4,70%,159,19%,9,4,1.46
yetujey,FUT,https://www.vlr.gg/player/8369/yetujey,International,684611,270741,HavenPICK,bo3,0.67,99,7,12,5,70%,64,15%,2,1,0.58
Neon,LEV,https://www.vlr.gg/player/29243/neon,International,684612,270743,PearlPICK,bo3,1.35,263,15,11,1,59%,202,45%,3,3,1.36
kiNgg,LEV,https://www.vlr.gg/player/8549/kingg,International,684612,270743,PearlPICK,bo3,1.04,196,12,11,1,65%,114,23%,1,0,1.09
blowz,LEV,https://www.vlr.gg/player/21251/blowz,International,684612,270743,PearlPICK,bo3,0.78,107,6,11,5,47%,75,31%,1,0,0.55
spike,LEV,https://www.vlr.gg/player/21661/spike,International,684612,270743,PearlPICK,bo3,0.55,176,9,16,2,65%,120,41%,4,2,0.56
Sato,LEV,https://www.vlr.gg/player/21659/sato,International,684612,270743,PearlPICK,bo3,0.53,157,8,16,6,65%,99,33%,1,2,0.5
Kr1stal,GE,https://www.vlr.gg/player/5796/kr1stal,International,684612,270743,PearlPICK,bo3,1.79,350,21,10,4,88%,224,33%,3,3,2.1
Autumn,GE,https://www.vlr.gg/player/872/autumn,International,684612,270743,PearlPICK,bo3,1.26,232,15,9,3,82%,136,44%,2,1,1.67
UdoTan,GE,https://www.vlr.gg/player/4428/udotan,International,684612,270743,PearlPICK,bo3,1.2,225,13,9,3,76%,146,27%,2,2,1.44
xavi8k,GE,https://www.vlr.gg/player/7754/xavi8k,International,684612,270743,PearlPICK,bo3,0.79,134,7,10,10,88%,90,12%,0,1,0.7
PatMen,GE,https://www.vlr.gg/player/13744/patmen,International,684612,270743,PearlPICK,bo3,0.61,131,9,12,2,82%,77,23%,0,3,0.75
Sato,LEV,https://www.vlr.gg/player/21659/sato,International,684612,270744,FracturePICK,bo3,1.64,304,27,14,6,79%,186,27%,8,3,1.93
Neon,LEV,https://www.vlr.gg/player/29243/neon,International,684612,270744,FracturePICK,bo3,1.19,236,17,13,17,75%,160,21%,1,2,1.31
kiNgg,LEV,https://www.vlr.gg/player/8549/kingg,International,684612,270744,FracturePICK,bo3,1.07,143,14,13,9,67%,91,26%,0,2,1.08
blowz,LEV,https://www.vlr.gg/player/21251/blowz,International,684612,270744,FracturePICK,bo3,0.96,139,10,14,8,71%,110,24%,0,0,0.71
spike,LEV,https://www.vlr.gg/player/21661/spike,International,684612,270744,FracturePICK,bo3,0.88,179,16,18,10,71%,113,33%,4,4,0.89
UdoTan,GE,https://www.vlr.gg/player/4428/udotan,International,684612,270744,FracturePICK,bo3,1.32,301,24,16,3,67%,184,39%,5,4,1.5
xavi8k,GE,https://www.vlr.gg/player/7754/xavi8k,International,684612,270744,FracturePICK,bo3,0.88,154,14,16,6,58%,103,29%,1,2,0.88
Autumn,GE,https://www.vlr.gg/player/872/autumn,International,684612,270744,FracturePICK,bo3,0.82,156,14,16,4,63%,110,35%,2,1,0.88
PatMen,GE,https://www.vlr.gg/player/13744/patmen,International,684612,270744,FracturePICK,bo3,0.67,157,12,19,2,42%,107,23%,2,3,0.63
Kr1stal,GE,https://www.vlr.gg/player/5796/kr1stal,International,684612,270744,FracturePICK,bo3,0.51,95,8,17,4,67%,63,17%,1,3,0.47
Sato,LEV,https://www.vlr.gg/player/21659/sato,International,684612,270745,Split,bo3,1.43,271,19,13,6,86%,183,44%,2,3,1.46
kiNgg,LEV,https://www.vlr.gg/player/8549/kingg,International,684612,270745,Split,bo3,1.28,199,15,10,5,73%,127,29%,2,2,1.5
Neon,LEV,https://www.vlr.gg/player/29243/neon,International,684612,270745,Split,bo3,1.15,182,15,10,6,77%,108,27%,3,1,1.5
spike,LEV,https://www.vlr.gg/player/21661/spike,International,684612,270745,Split,bo3,1.11,257,19,17,4,73%,156,38%,4,3,1.12
blowz,LEV,https://www.vlr.gg/player/21251/blowz,International,684612,270745,Split,bo3,0.97,122,11,10,4,77%,88,73%,1,1,1.1
UdoTan,GE,https://www.vlr.gg/player/4428/udotan,International,684612,270745,Split,bo3,0.91,230,19,17,1,68%,154,36%,0,1,1.12
Kr1stal,GE,https://www.vlr.gg/player/5796/kr1stal,International,684612,270745,Split,bo3,0.82,127,9,13,4,68%,79,27%,5,0,0.69
xavi8k,GE,https://www.vlr.gg/player/7754/xavi8k,International,684612,270745,Split,bo3,0.71,124,10,15,8,64%,80,26%,1,4,0.67
Autumn,GE,https://www.vlr.gg/player/872/autumn,International,684612,270745,Split,bo3,0.68,156,11,16,6,59%,113,31%,1,2,0.69
PatMen,GE,https://www.vlr.gg/player/13744/patmen,International,684612,270745,Split,bo3,0.64,170,11,18,7,68%,139,30%,3,5,0.61
Jamppi,VIT,https://www.vlr.gg/player/9780/jamppi,International,684614,270749,PearlPICK,bo3,1.24,291,23,19,13,88%,186,19%,2,3,1.21
Chronicle,VIT,https://www.vlr.gg/player/458/chronicle,International,684614,270749,PearlPICK,bo3,1.17,239,20,16,6,58%,163,25%,4,4,1.25
Sayonara,VIT,https://www.vlr.gg/player/33902/sayonara,International,684614,270749,PearlPICK,bo3,1.05,192,17,16,7,71%,118,20%,2,3,1.06
PROFEK,VIT,https://www.vlr.gg/player/5554/profek,International,684614,270749,PearlPICK,bo3,0.99,133,13,14,12,83%,82,21%,0,0,0.93
Derke,VIT,https://www.vlr.gg/player/5022/derke,International,684614,270749,PearlPICK,bo3,0.71,171,13,19,6,58%,110,35%,3,3,0.68
s0pp,FUT,https://www.vlr.gg/player/39357/s0pp,International,684614,270749,PearlPICK,bo3,1.37,250,23,16,4,75%,160,21%,6,2,1.44
yetujey,FUT,https://www.vlr.gg/player/8369/yetujey,International,684614,270749,PearlPICK,bo3,1.09,236,20,16,5,83%,135,27%,2,1,1.25
xeus,FUT,https://www.vlr.gg/player/12793/xeus,International,684614,270749,PearlPICK,bo3,0.95,214,19,19,5,63%,137,43%,3,5,1.0
KROSTALY,FUT,https://www.vlr.gg/player/15735/krostaly,International,684614,270749,PearlPICK,bo3,0.8,144,10,17,15,75%,94,33%,1,1,0.59
sociablEE,FUT,https://www.vlr.gg/player/5568/sociablee,International,684614,270749,PearlPICK,bo3,0.71,139,12,18,5,67%,98,22%,1,2,0.67
Sayonara,VIT,https://www.vlr.gg/player/33902/sayonara,International,684614,270750,HavenPICK,bo3,1.37,278,15,13,8,76%,202,27%,1,4,1.15
Jamppi,VIT,https://www.vlr.gg/player/9780/jamppi,International,684614,270750,HavenPICK,bo3,0.88,198,12,15,3,71%,113,15%,3,2,0.8
Derke,VIT,https://www.vlr.gg/player/5022/derke,International,684614,270750,HavenPICK,bo3,0.76,173,11,14,3,59%,119,27%,1,1,0.79
Chronicle,VIT,https://www.vlr.gg/player/458/chronicle,International,684614,270750,HavenPICK,bo3,0.62,134,7,13,7,76%,103,15%,0,2,0.54
PROFEK,VIT,https://www.vlr.gg/player/5554/profek,International,684614,270750,HavenPICK,bo3,0.57,139,6,14,8,71%,102,9%,1,2,0.43
yetujey,FUT,https://www.vlr.gg/player/8369/yetujey,International,684614,270750,HavenPICK,bo3,1.5,212,14,7,3,88%,147,31%,1,3,2.0
KROSTALY,FUT,https://www.vlr.gg/player/15735/krostaly,International,684614,270750,HavenPICK,bo3,1.39,244,16,9,4,88%,163,45%,0,0,1.78
s0pp,FUT,https://www.vlr.gg/player/39357/s0pp,International,684614,270750,HavenPICK,bo3,1.12,262,16,13,5,76%,171,24%,6,2,1.23
sociablEE,FUT,https://www.vlr.gg/player/5568/sociablee,International,684614,270750,HavenPICK,bo3,1.07,195,13,10,6,65%,125,61%,3,1,1.3
xeus,FUT,https://www.vlr.gg/player/12793/xeus,International,684614,270750,HavenPICK,bo3,0.87,187,10,12,8,76%,139,34%,1,0,0.83
PROFEK,VIT,https://www.vlr.gg/player/5554/profek,International,684614,270751,Fracture,bo3,1.47,259,23,12,9,65%,164,25%,2,0,1.92
Derke,VIT,https://www.vlr.gg/player/5022/derke,International,684614,270751,Fracture,bo3,1.33,268,21,16,4,78%,171,21%,1,2,1.31
Chronicle,VIT,https://www.vlr.gg/player/458/chronicle,International,684614,270751,Fracture,bo3,1.33,259,21,14,4,83%,167,25%,4,3,1.5
Sayonara,VIT,https://www.vlr.gg/player/33902/sayonara,International,684614,270751,Fracture,bo3,0.77,183,14,17,5,74%,125,17%,4,3,0.82
Jamppi,VIT,https://www.vlr.gg/player/9780/jamppi,International,684614,270751,Fracture,bo3,0.64,128,11,15,5,74%,85,36%,0,4,0.73
xeus,FUT,https://www.vlr.gg/player/12793/xeus,International,684614,270751,Fracture,bo3,1.1,251,19,19,6,78%,157,35%,6,2,1.0
yetujey,FUT,https://www.vlr.gg/player/8369/yetujey,International,684614,270751,Fracture,bo3,0.95,200,17,17,3,78%,137,32%,2,1,1.0
sociablEE,FUT,https://www.vlr.gg/player/5568/sociablee,International,684614,270751,Fracture,bo3,0.79,178,14,18,10,70%,105,11%,2,4,0.78
s0pp,FUT,https://www.vlr.gg/player/39357/s0pp,International,684614,270751,Fracture,bo3,0.72,182,16,20,3,70%,105,17%,2,3,0.8
KROSTALY,FUT,https://www.vlr.gg/player/15735/krostaly,International,684614,270751,Fracture,bo3,0.69,124,8,16,3,65%,90,16%,0,1,0.5
Ethan,NRG,https://www.vlr.gg/player/11225/ethan,International,684615,270752,AscentPICK,bo3,1.31,210,15,13,5,70%,160,25%,1,1,1.15
skuba,NRG,https://www.vlr.gg/player/11118/skuba,International,684615,270752,AscentPICK,bo3,1.12,221,16,15,7,70%,140,34%,2,1,1.07
brawk,NRG,https://www.vlr.gg/player/2172/brawk,International,684615,270752,AscentPICK,bo3,0.85,191,12,16,3,65%,139,19%,1,2,0.75
keiko,NRG,https://www.vlr.gg/player/11494/keiko,International,684615,270752,AscentPICK,bo3,0.56,156,10,17,4,60%,111,38%,1,4,0.59
mada,NRG,https://www.vlr.gg/player/5132/mada,International,684615,270752,AscentPICK,bo3,0.42,155,10,19,5,60%,101,47%,3,4,0.53
Sato,LEV,https://www.vlr.gg/player/21659/sato,International,684615,270752,AscentPICK,bo3,1.66,317,23,12,6,80%,208,31%,3,0,1.92
Neon,LEV,https://www.vlr.gg/player/29243/neon,International,684615,270752,AscentPICK,bo3,1.3,216,17,11,3,90%,147,15%,2,2,1.55
blowz,LEV,https://www.vlr.gg/player/21251/blowz,International,684615,270752,AscentPICK,bo3,1.12,218,15,14,11,85%,140,29%,2,0,1.07
kiNgg,LEV,https://www.vlr.gg/player/8549/kingg,International,684615,270752,AscentPICK,bo3,0.97,132,10,10,9,80%,81,19%,1,3,1.0
spike,LEV,https://www.vlr.gg/player/21661/spike,International,684615,270752,AscentPICK,bo3,0.73,186,15,16,6,70%,101,22%,4,3,0.94
Ethan,NRG,https://www.vlr.gg/player/11225/ethan,International,684615,270753,LotusPICK,bo3,1.32,222,14,9,7,78%,156,38%,0,1,1.56
skuba,NRG,https://www.vlr.gg/player/11118/skuba,International,684615,270753,LotusPICK,bo3,1.29,200,13,8,3,83%,135,26%,1,0,1.62
mada,NRG,https://www.vlr.gg/player/5132/mada,International,684615,270753,LotusPICK,bo3,1.26,244,17,11,2,67%,160,16%,4,3,1.55
keiko,NRG,https://www.vlr.gg/player/11494/keiko,International,684615,270753,LotusPICK,bo3,1.25,167,13,9,14,78%,98,32%,1,3,1.44
brawk,NRG,https://www.vlr.gg/player/2172/brawk,International,684615,270753,LotusPICK,bo3,1.17,213,13,12,9,83%,148,15%,3,2,1.08
spike,LEV,https://www.vlr.gg/player/21661/spike,International,684615,270753,LotusPICK,bo3,1.12,191,13,13,6,67%,131,24%,0,0,1.0
blowz,LEV,https://www.vlr.gg/player/21251/blowz,International,684615,270753,LotusPICK,bo3,0.83,152,10,13,5,61%,103,50%,3,2,0.77
Neon,LEV,https://www.vlr.gg/player/29243/neon,International,684615,270753,LotusPICK,bo3,0.83,214,13,15,2,61%,139,50%,5,4,0.87
kiNgg,LEV,https://www.vlr.gg/player/8549/kingg,International,684615,270753,LotusPICK,bo3,0.69,146,9,14,3,56%,105,27%,1,2,0.64
Sato,LEV,https://www.vlr.gg/player/21659/sato,International,684615,270753,LotusPICK,bo3,0.31,86,4,15,1,44%,75,10%,0,1,0.27
skuba,NRG,https://www.vlr.gg/player/11118/skuba,International,684615,270754,Pearl,bo3,0.98,161,13,15,3,57%,102,20%,2,0,0.87
keiko,NRG,https://www.vlr.gg/player/11494/keiko,International,684615,270754,Pearl,bo3,0.88,220,16,20,6,52%,147,37%,2,2,0.8
brawk,NRG,https://www.vlr.gg/player/2172/brawk,International,684615,270754,Pearl,bo3,0.65,150,10,19,8,52%,114,29%,2,2,0.53
Ethan,NRG,https://www.vlr.gg/player/11225/ethan,International,684615,270754,Pearl,bo3,0.64,169,9,19,10,57%,129,12%,1,1,0.47
mada,NRG,https://www.vlr.gg/player/5132/mada,International,684615,270754,Pearl,bo3,0.34,126,9,19,5,48%,71,35%,3,6,0.47
spike,LEV,https://www.vlr.gg/player/21661/spike,International,684615,270754,Pearl,bo3,1.52,303,24,13,5,86%,198,33%,3,1,1.85
kiNgg,LEV,https://www.vlr.gg/player/8549/kingg,International,684615,270754,Pearl,bo3,1.45,256,22,10,9,86%,157,45%,1,1,2.2
blowz,LEV,https://www.vlr.gg/player/21251/blowz,International,684615,270754,Pearl,bo3,1.28,200,16,9,4,81%,149,34%,0,0,1.78
Neon,LEV,https://www.vlr.gg/player/29243/neon,International,684615,270754,Pearl,bo3,1.19,205,15,12,7,76%,133,14%,4,4,1.25
Sato,LEV,https://www.vlr.gg/player/21659/sato,International,684615,270754,Pearl,bo3,0.99,192,15,13,8,71%,135,32%,3,4,1.15
Nicc,DRG,https://www.vlr.gg/player/11524/nicc,International,684616,270755,HavenPICK,bo3,1.91,278,18,6,10,88%,177,26%,2,0,3.0
vo0kashu,DRG,https://www.vlr.gg/player/3741/vo0kashu,International,684616,270755,HavenPICK,bo3,1.71,337,20,11,10,100%,225,17%,4,0,1.82
Flex1n,DRG,https://www.vlr.gg/player/4705/flex1n,International,684616,270755,HavenPICK,bo3,1.25,224,13,11,16,82%,129,22%,3,1,1.18
SpiritZ1,DRG,https://www.vlr.gg/player/31753/spiritz1,International,684616,270755,HavenPICK,bo3,1.08,235,15,12,5,82%,150,44%,2,3,1.25
Life,DRG,https://www.vlr.gg/player/3028/life,International,684616,270755,HavenPICK,bo3,0.77,163,10,12,3,88%,113,38%,1,1,0.83
happywei,XLG,https://www.vlr.gg/player/37927/happywei,International,684616,270755,HavenPICK,bo3,0.97,180,11,14,2,71%,122,48%,1,1,0.79
WsLeo,XLG,https://www.vlr.gg/player/24308/wsleo,International,684616,270755,HavenPICK,bo3,0.84,234,13,16,5,59%,151,37%,0,2,0.81
Rarga,XLG,https://www.vlr.gg/player/22047/rarga,International,684616,270755,HavenPICK,bo3,0.77,196,11,15,3,71%,131,27%,3,2,0.73
Lysoar,XLG,https://www.vlr.gg/player/37489/lysoar,International,684616,270755,HavenPICK,bo3,0.71,153,10,15,6,76%,111,32%,0,1,0.67
NoMan,XLG,https://www.vlr.gg/player/11527/noman,International,684616,270755,HavenPICK,bo3,0.3,120,7,16,3,53%,81,23%,1,6,0.44
vo0kashu,DRG,https://www.vlr.gg/player/3741/vo0kashu,International,684616,270756,FracturePICK,bo3,1.48,286,24,15,3,82%,193,24%,2,1,1.6
Flex1n,DRG,https://www.vlr.gg/player/4705/flex1n,International,684616,270756,FracturePICK,bo3,1.2,212,15,16,12,82%,139,32%,2,2,0.94
Nicc,DRG,https://www.vlr.gg/player/11524/nicc,International,684616,270756,FracturePICK,bo3,1.05,232,18,16,5,68%,157,41%,1,1,1.12
SpiritZ1,DRG,https://www.vlr.gg/player/31753/spiritz1,International,684616,270756,FracturePICK,bo3,0.62,146,11,17,5,55%,110,22%,1,1,0.65
Life,DRG,https://www.vlr.gg/player/3028/life,International,684616,270756,FracturePICK,bo3,0.17,80,6,20,4,68%,51,43%,4,7,0.3
Rarga,XLG,https://www.vlr.gg/player/22047/rarga,International,684616,270756,FracturePICK,bo3,1.38,268,22,16,5,82%,176,40%,5,2,1.38
Lysoar,XLG,https://www.vlr.gg/player/37489/lysoar,International,684616,270756,FracturePICK,bo3,1.34,257,20,13,12,68%,164,38%,2,1,1.54
happywei,XLG,https://www.vlr.gg/player/37927/happywei,International,684616,270756,FracturePICK,bo3,1.21,244,18,14,7,77%,177,38%,3,3,1.29
NoMan,XLG,https://www.vlr.gg/player/11527/noman,International,684616,270756,FracturePICK,bo3,1.13,204,15,15,7,64%,154,26%,2,2,1.0
WsLeo,XLG,https://www.vlr.gg/player/24308/wsleo,International,684616,270756,FracturePICK,bo3,0.5,102,9,16,5,73%,63,25%,0,2,0.56
SpiritZ1,DRG,https://www.vlr.gg/player/31753/spiritz1,International,684616,270757,Split,bo3,1.31,280,22,16,2,71%,169,38%,6,1,1.38
vo0kashu,DRG,https://www.vlr.gg/player/3741/vo0kashu,International,684616,270757,Split,bo3,1.09,204,16,15,4,83%,143,38%,2,1,1.07
Life,DRG,https://www.vlr.gg/player/3028/life,International,684616,270757,Split,bo3,0.99,213,17,15,7,63%,150,44%,1,3,1.13
Nicc,DRG,https://www.vlr.gg/player/11524/nicc,International,684616,270757,Split,bo3,0.83,149,13,17,5,79%,98,22%,1,3,0.76
Flex1n,DRG,https://www.vlr.gg/player/4705/flex1n,International,684616,270757,Split,bo3,0.75,128,10,14,5,63%,76,21%,3,3,0.71
happywei,XLG,https://www.vlr.gg/player/37927/happywei,International,684616,270757,Split,bo3,2.28,397,35,12,5,79%,268,39%,4,1,2.92
WsLeo,XLG,https://www.vlr.gg/player/24308/wsleo,International,684616,270757,Split,bo3,0.86,142,8,16,14,75%,108,24%,1,1,0.5
Lysoar,XLG,https://www.vlr.gg/player/37489/lysoar,International,684616,270757,Split,bo3,0.69,133,10,16,12,75%,89,7%,0,0,0.62
NoMan,XLG,https://www.vlr.gg/player/11527/noman,International,684616,270757,Split,bo3,0.65,143,11,17,5,63%,104,24%,2,2,0.65
Rarga,XLG,https://www.vlr.gg/player/22047/rarga,International,684616,270757,Split,bo3,0.61,148,13,17,2,58%,90,30%,4,9,0.76
Kr1stal,GE,https://www.vlr.gg/player/5796/kr1stal,International,684617,270758,SplitPICK,bo3,1.04,155,13,14,6,64%,100,21%,2,1,0.93
PatMen,GE,https://www.vlr.gg/player/13744/patmen,International,684617,270758,SplitPICK,bo3,0.91,188,12,18,10,68%,121,29%,2,0,0.67
xavi8k,GE,https://www.vlr.gg/player/7754/xavi8k,International,684617,270758,SplitPICK,bo3,0.84,150,10,15,7,55%,101,19%,0,3,0.67
UdoTan,GE,https://www.vlr.gg/player/4428/udotan,International,684617,270758,SplitPICK,bo3,0.74,179,12,18,4,64%,125,18%,3,8,0.67
Autumn,GE,https://www.vlr.gg/player/872/autumn,International,684617,270758,SplitPICK,bo3,0.62,119,10,16,4,55%,78,25%,0,3,0.62
primmie,FS,https://www.vlr.gg/player/25255/primmie,International,684617,270758,SplitPICK,bo3,1.69,335,27,11,1,86%,193,40%,7,3,2.45
JitBoyS,FS,https://www.vlr.gg/player/13788/jitboys,International,684617,270758,SplitPICK,bo3,1.28,204,16,10,13,86%,127,30%,2,1,1.6
Killua,FS,https://www.vlr.gg/player/13784/killua,International,684617,270758,SplitPICK,bo3,1.11,196,15,9,4,86%,132,52%,2,0,1.67
Crws,FS,https://www.vlr.gg/player/3977/crws,International,684617,270758,SplitPICK,bo3,0.96,198,14,15,10,82%,133,24%,4,2,0.93
Leviathan,FS,https://www.vlr.gg/player/27254/leviathan,International,684617,270758,SplitPICK,bo3,0.69,117,9,12,9,73%,77,47%,0,1,0.75
Autumn,GE,https://www.vlr.gg/player/872/autumn,International,684617,270759,BreezePICK,bo3,1.36,236,19,11,3,81%,165,31%,3,1,1.73
Kr1stal,GE,https://www.vlr.gg/player/5796/kr1stal,International,684617,270759,BreezePICK,bo3,1.31,238,18,12,9,86%,152,24%,1,1,1.5
UdoTan,GE,https://www.vlr.gg/player/4428/udotan,International,684617,270759,BreezePICK,bo3,1.28,305,24,17,5,76%,180,47%,4,3,1.41
xavi8k,GE,https://www.vlr.gg/player/7754/xavi8k,International,684617,270759,BreezePICK,bo3,0.84,172,12,13,7,86%,108,31%,2,1,0.92
PatMen,GE,https://www.vlr.gg/player/13744/patmen,International,684617,270759,BreezePICK,bo3,0.66,143,9,14,4,81%,105,28%,3,2,0.64
primmie,FS,https://www.vlr.gg/player/25255/primmie,International,684617,270759,BreezePICK,bo3,1.37,250,20,14,3,81%,155,31%,3,2,1.43
JitBoyS,FS,https://www.vlr.gg/player/13788/jitboys,International,684617,270759,BreezePICK,bo3,0.92,224,15,17,7,76%,154,35%,1,4,0.88
Crws,FS,https://www.vlr.gg/player/3977/crws,International,684617,270759,BreezePICK,bo3,0.77,135,10,14,1,57%,101,26%,2,1,0.71
Leviathan,FS,https://www.vlr.gg/player/27254/leviathan,International,684617,270759,BreezePICK,bo3,0.71,177,13,20,3,57%,108,37%,1,1,0.65
Killua,FS,https://www.vlr.gg/player/13784/killua,International,684617,270759,BreezePICK,bo3,0.59,130,9,17,3,52%,87,35%,1,5,0.53
Kr1stal,GE,https://www.vlr.gg/player/5796/kr1stal,International,684617,270760,Pearl,bo3,1.74,334,25,10,2,76%,208,26%,3,0,2.5
Autumn,GE,https://www.vlr.gg/player/872/autumn,International,684617,270760,Pearl,bo3,1.04,218,17,15,3,71%,137,30%,2,5,1.13
xavi8k,GE,https://www.vlr.gg/player/7754/xavi8k,International,684617,270760,Pearl,bo3,0.91,153,12,11,7,76%,94,25%,1,2,1.09
PatMen,GE,https://www.vlr.gg/player/13744/patmen,International,684617,270760,Pearl,bo3,0.8,211,16,16,2,67%,133,43%,0,0,1.0
UdoTan,GE,https://www.vlr.gg/player/4428/udotan,International,684617,270760,Pearl,bo3,0.65,166,12,16,4,71%,103,30%,4,4,0.75
primmie,FS,https://www.vlr.gg/player/25255/primmie,International,684617,270760,Pearl,bo3,1.63,313,26,14,2,71%,186,26%,4,2,1.86
Crws,FS,https://www.vlr.gg/player/3977/crws,International,684617,270760,Pearl,bo3,0.94,201,13,17,8,67%,154,25%,1,2,0.76
Leviathan,FS,https://www.vlr.gg/player/27254/leviathan,International,684617,270760,Pearl,bo3,0.77,164,11,17,8,71%,114,33%,1,2,0.65
JitBoyS,FS,https://www.vlr.gg/player/13788/jitboys,International,684617,270760,Pearl,bo3,0.65,160,10,17,12,67%,119,28%,3,2,0.59
Killua,FS,https://www.vlr.gg/player/13784/killua,International,684617,270760,Pearl,bo3,0.55,120,8,17,5,71%,82,32%,2,2,0.47
KROSTALY,FUT,https://www.vlr.gg/player/15735/krostaly,International,684619,270764,LotusPICK,bo3,0.97,137,11,13,6,83%,91,31%,0,1,0.85
sociablEE,FUT,https://www.vlr.gg/player/5568/sociablee,International,684619,270764,LotusPICK,bo3,0.91,174,14,18,11,63%,116,20%,1,3,0.78
xeus,FUT,https://www.vlr.gg/player/12793/xeus,International,684619,270764,LotusPICK,bo3,0.87,192,17,19,2,58%,122,32%,5,2,0.89
s0pp,FUT,https://www.vlr.gg/player/39357/s0pp,International,684619,270764,LotusPICK,bo3,0.78,192,17,18,5,67%,114,27%,4,6,0.94
yetujey,FUT,https://www.vlr.gg/player/8369/yetujey,International,684619,270764,LotusPICK,bo3,0.75,176,13,19,4,54%,126,24%,1,1,0.68
keiko,NRG,https://www.vlr.gg/player/11494/keiko,International,684619,270764,LotusPICK,bo3,1.46,228,21,12,10,79%,153,40%,2,0,1.75
skuba,NRG,https://www.vlr.gg/player/11118/skuba,International,684619,270764,LotusPICK,bo3,1.24,202,17,12,8,63%,121,25%,2,1,1.42
brawk,NRG,https://www.vlr.gg/player/2172/brawk,International,684619,270764,LotusPICK,bo3,1.18,195,17,13,5,79%,127,14%,0,2,1.31
Ethan,NRG,https://www.vlr.gg/player/11225/ethan,International,684619,270764,LotusPICK,bo3,1.0,202,14,16,17,75%,130,25%,5,5,0.88
mada,NRG,https://www.vlr.gg/player/5132/mada,International,684619,270764,LotusPICK,bo3,0.87,203,18,19,4,83%,125,20%,4,3,0.95
KROSTALY,FUT,https://www.vlr.gg/player/15735/krostaly,International,684619,270765,HavenPICK,bo3,1.34,225,22,13,9,77%,161,28%,0,3,1.69
yetujey,FUT,https://www.vlr.gg/player/8369/yetujey,International,684619,270765,HavenPICK,bo3,1.27,221,20,16,10,77%,149,33%,3,2,1.25
xeus,FUT,https://www.vlr.gg/player/12793/xeus,International,684619,270765,HavenPICK,bo3,1.23,262,26,18,7,65%,191,44%,2,4,1.44
sociablEE,FUT,https://www.vlr.gg/player/5568/sociablee,International,684619,270765,HavenPICK,bo3,1.08,198,18,17,16,77%,123,18%,3,1,1.06
s0pp,FUT,https://www.vlr.gg/player/39357/s0pp,International,684619,270765,HavenPICK,bo3,0.81,191,16,20,4,73%,134,30%,4,4,0.8
skuba,NRG,https://www.vlr.gg/player/11118/skuba,International,684619,270765,HavenPICK,bo3,1.06,201,19,19,8,77%,131,24%,1,0,1.0
brawk,NRG,https://www.vlr.gg/player/2172/brawk,International,684619,270765,HavenPICK,bo3,0.95,191,17,19,6,65%,136,21%,2,3,0.89
keiko,NRG,https://www.vlr.gg/player/11494/keiko,International,684619,270765,HavenPICK,bo3,0.94,178,17,20,6,65%,130,38%,1,1,0.85
mada,NRG,https://www.vlr.gg/player/5132/mada,International,684619,270765,HavenPICK,bo3,0.79,192,19,22,2,77%,112,40%,5,3,0.86
Ethan,NRG,https://www.vlr.gg/player/11225/ethan,International,684619,270765,HavenPICK,bo3,0.66,155,12,22,10,62%,103,26%,5,5,0.55
sociablEE,FUT,https://www.vlr.gg/player/5568/sociablee,International,684619,270766,Fracture,bo3,1.35,218,17,12,12,88%,140,20%,1,1,1.42
xeus,FUT,https://www.vlr.gg/player/12793/xeus,International,684619,270766,Fracture,bo3,1.21,252,23,16,1,67%,155,37%,4,7,1.44
s0pp,FUT,https://www.vlr.gg/player/39357/s0pp,International,684619,270766,Fracture,bo3,0.92,185,15,18,6,63%,116,12%,3,2,0.83
yetujey,FUT,https://www.vlr.gg/player/8369/yetujey,International,684619,270766,Fracture,bo3,0.87,189,16,18,5,63%,128,25%,2,3,0.89
KROSTALY,FUT,https://www.vlr.gg/player/15735/krostaly,International,684619,270766,Fracture,bo3,0.69,116,9,15,5,67%,93,15%,0,1,0.6
skuba,NRG,https://www.vlr.gg/player/11118/skuba,International,684619,270766,Fracture,bo3,1.06,187,16,14,8,75%,115,24%,3,0,1.14
keiko,NRG,https://www.vlr.gg/player/11494/keiko,International,684619,270766,Fracture,bo3,1.06,198,17,14,6,63%,141,35%,2,0,1.21
mada,NRG,https://www.vlr.gg/player/5132/mada,International,684619,270766,Fracture,bo3,0.92,216,17,17,6,79%,139,17%,3,6,1.0
Ethan,NRG,https://www.vlr.gg/player/11225/ethan,International,684619,270766,Fracture,bo3,0.9,181,14,17,5,75%,123,11%,3,3,0.82
brawk,NRG,https://www.vlr.gg/player/2172/brawk,International,684619,270766,Fracture,bo3,0.85,180,15,18,16,71%,101,18%,3,1,0.83
PatMen,GE,https://www.vlr.gg/player/13744/patmen,International,684618,270761,HavenPICK,bo3,1.23,255,22,13,12,70%,163,37%,1,4,1.69
xavi8k,GE,https://www.vlr.gg/player/7754/xavi8k,International,684618,270761,HavenPICK,bo3,1.19,243,19,15,6,78%,177,31%,2,1,1.27
Kr1stal,GE,https://www.vlr.gg/player/5796/kr1stal,International,684618,270761,HavenPICK,bo3,1.08,174,14,12,6,70%,128,53%,3,1,1.17
UdoTan,GE,https://www.vlr.gg/player/4428/udotan,International,684618,270761,HavenPICK,bo3,0.97,189,15,14,2,78%,116,41%,3,1,1.07
Autumn,GE,https://www.vlr.gg/player/872/autumn,International,684618,270761,HavenPICK,bo3,0.91,204,17,16,6,65%,121,38%,4,3,1.06
NoMan,XLG,https://www.vlr.gg/player/11527/noman,International,684618,270761,HavenPICK,bo3,1.04,185,16,16,3,57%,136,34%,3,3,1.0
happywei,XLG,https://www.vlr.gg/player/37927/happywei,International,684618,270761,HavenPICK,bo3,0.95,180,15,17,2,61%,118,39%,3,1,0.88
WsLeo,XLG,https://www.vlr.gg/player/24308/wsleo,International,684618,270761,HavenPICK,bo3,0.91,160,10,16,10,65%,114,21%,2,4,0.62
Lysoar,XLG,https://www.vlr.gg/player/37489/lysoar,International,684618,270761,HavenPICK,bo3,0.91,182,15,18,6,65%,106,34%,0,1,0.83
Rarga,XLG,https://www.vlr.gg/player/22047/rarga,International,684618,270761,HavenPICK,bo3,0.79,184,14,20,3,57%,124,36%,2,4,0.7
Autumn,GE,https://www.vlr.gg/player/872/autumn,International,684618,270762,LotusPICK,bo3,1.18,221,19,12,1,77%,134,33%,5,3,1.58
UdoTan,GE,https://www.vlr.gg/player/4428/udotan,International,684618,270762,LotusPICK,bo3,1.11,252,17,16,10,82%,163,16%,5,2,1.06
Kr1stal,GE,https://www.vlr.gg/player/5796/kr1stal,International,684618,270762,LotusPICK,bo3,0.99,209,16,14,3,68%,142,18%,0,1,1.14
PatMen,GE,https://www.vlr.gg/player/13744/patmen,International,684618,270762,LotusPICK,bo3,0.61,157,11,17,6,64%,105,26%,0,2,0.65
xavi8k,GE,https://www.vlr.gg/player/7754/xavi8k,International,684618,270762,LotusPICK,bo3,0.41,118,9,19,4,64%,73,19%,1,3,0.47
Rarga,XLG,https://www.vlr.gg/player/22047/rarga,International,684618,270762,LotusPICK,bo3,1.65,305,23,14,11,82%,199,36%,3,1,1.64
Lysoar,XLG,https://www.vlr.gg/player/37489/lysoar,International,684618,270762,LotusPICK,bo3,1.17,185,14,13,13,82%,119,32%,0,2,1.08
NoMan,XLG,https://www.vlr.gg/player/11527/noman,International,684618,270762,LotusPICK,bo3,1.17,246,20,17,6,59%,152,51%,3,2,1.18
WsLeo,XLG,https://www.vlr.gg/player/24308/wsleo,International,684618,270762,LotusPICK,bo3,0.91,129,10,12,4,73%,99,35%,2,3,0.83
happywei,XLG,https://www.vlr.gg/player/37927/happywei,International,684618,270762,LotusPICK,bo3,0.66,134,11,16,2,64%,93,46%,3,3,0.69
UdoTan,GE,https://www.vlr.gg/player/4428/udotan,International,684618,270763,Breeze,bo3,1.24,247,20,17,5,74%,156,24%,1,4,1.18
Kr1stal,GE,https://www.vlr.gg/player/5796/kr1stal,International,684618,270763,Breeze,bo3,1.13,228,16,16,7,70%,156,45%,1,0,1.0
xavi8k,GE,https://www.vlr.gg/player/7754/xavi8k,International,684618,270763,Breeze,bo3,0.88,158,14,16,10,70%,97,25%,1,0,0.88
PatMen,GE,https://www.vlr.gg/player/13744/patmen,International,684618,270763,Breeze,bo3,0.61,191,15,20,4,57%,116,31%,3,5,0.75
Autumn,GE,https://www.vlr.gg/player/872/autumn,International,684618,270763,Breeze,bo3,0.55,126,10,19,0,61%,73,33%,3,5,0.53
Lysoar,XLG,https://www.vlr.gg/player/37489/lysoar,International,684618,270763,Breeze,bo3,1.56,305,25,14,5,91%,200,27%,2,1,1.79
WsLeo,XLG,https://www.vlr.gg/player/24308/wsleo,International,684618,270763,Breeze,bo3,1.06,188,15,13,6,70%,122,23%,1,0,1.15
happywei,XLG,https://www.vlr.gg/player/37927/happywei,International,684618,270763,Breeze,bo3,1.05,213,17,16,6,70%,148,24%,3,3,1.06
Rarga,XLG,https://www.vlr.gg/player/22047/rarga,International,684618,270763,Breeze,bo3,0.94,195,17,17,3,78%,137,40%,4,2,1.0
NoMan,XLG,https://www.vlr.gg/player/11527/noman,International,684618,270763,Breeze,bo3,0.91,190,14,15,4,65%,130,23%,4,3,0.93
d4v41,PRX,https://www.vlr.gg/player/9803/d4v41,International,670466,267804,AscentPICK,bo3,2.05,273,16,1,3,93%,197,54%,1,0,16.0
something,PRX,https://www.vlr.gg/player/17086/something,International,670466,267804,AscentPICK,bo3,1.53,270,14,5,5,93%,164,16%,3,0,2.8
invy,PRX,https://www.vlr.gg/player/8504/invy,International,670466,267804,AscentPICK,bo3,1.53,329,16,8,4,86%,220,15%,4,0,2.0
Jinggg,PRX,https://www.vlr.gg/player/7378/jinggg,International,670466,267804,AscentPICK,bo3,1.24,200,11,6,7,86%,128,28%,1,2,1.83
f0rsakeN,PRX,https://www.vlr.gg/player/9801/f0rsaken,International,670466,267804,AscentPICK,bo3,1.15,178,9,8,9,93%,102,27%,2,1,1.12
Sato,LEV,https://www.vlr.gg/player/21659/sato,International,670466,267804,AscentPICK,bo3,0.75,175,8,13,2,50%,122,31%,1,4,0.62
blowz,LEV,https://www.vlr.gg/player/21251/blowz,International,670466,267804,AscentPICK,bo3,0.71,134,5,13,4,50%,109,26%,0,0,0.38
Neon,LEV,https://www.vlr.gg/player/29243/neon,International,670466,267804,AscentPICK,bo3,0.44,119,6,13,2,43%,77,33%,0,2,0.46
spike,LEV,https://www.vlr.gg/player/21661/spike,International,670466,267804,AscentPICK,bo3,0.43,133,6,14,4,57%,87,12%,2,3,0.43
kiNgg,LEV,https://www.vlr.gg/player/8549/kingg,International,670466,267804,AscentPICK,bo3,0.36,102,3,13,5,64%,69,14%,0,2,0.23
invy,PRX,https://www.vlr.gg/player/8504/invy,International,670466,267805,LotusPICK,bo3,1.11,207,16,17,15,78%,147,37%,0,5,0.94
something,PRX,https://www.vlr.gg/player/17086/something,International,670466,267805,LotusPICK,bo3,1.08,207,16,17,8,87%,153,25%,2,4,0.94
d4v41,PRX,https://www.vlr.gg/player/9803/d4v41,International,670466,267805,LotusPICK,bo3,1.00,209,19,19,5,83%,132,34%,1,0,1.0
Jinggg,PRX,https://www.vlr.gg/player/7378/jinggg,International,670466,267805,LotusPICK,bo3,0.94,182,16,17,5,65%,133,14%,1,3,0.94
f0rsakeN,PRX,https://www.vlr.gg/player/9801/f0rsaken,International,670466,267805,LotusPICK,bo3,0.82,207,17,20,9,65%,129,15%,2,5,0.85
Neon,LEV,https://www.vlr.gg/player/29243/neon,International,670466,267805,LotusPICK,bo3,1.60,328,28,16,4,87%,221,38%,9,0,1.75
spike,LEV,https://www.vlr.gg/player/21661/spike,International,670466,267805,LotusPICK,bo3,1.52,320,27,18,10,91%,193,32%,5,0,1.5
blowz,LEV,https://www.vlr.gg/player/21251/blowz,International,670466,267805,LotusPICK,bo3,0.87,169,13,16,14,74%,117,22%,0,1,0.81
kiNgg,LEV,https://www.vlr.gg/player/8549/kingg,International,670466,267805,LotusPICK,bo3,0.86,167,13,16,14,87%,114,18%,2,2,0.81
Sato,LEV,https://www.vlr.gg/player/21659/sato,International,670466,267805,LotusPICK,bo3,0.52,117,9,18,2,70%,79,29%,1,3,0.5
Boo,TH,https://www.vlr.gg/player/1144/boo,International,670467,267807,BreezePICK,bo3,0.98,187,13,14,2,68%,114,56%,0,0,0.93
Wo0t,TH,https://www.vlr.gg/player/21328/wo0t,International,670467,267807,BreezePICK,bo3,0.86,208,13,15,2,63%,133,23%,2,4,0.87
koshmaras,TH,https://www.vlr.gg/player/23365/koshmaras,International,670467,267807,BreezePICK,bo3,0.81,198,12,14,2,58%,129,42%,2,6,0.86
RieNs,TH,https://www.vlr.gg/player/10971/riens,International,670467,267807,BreezePICK,bo3,0.68,150,9,14,3,42%,106,22%,0,4,0.64
benjyfishy,TH,https://www.vlr.gg/player/29873/benjyfishy,International,670467,267807,BreezePICK,bo3,0.45,138,8,16,2,53%,91,50%,0,1,0.5
Derke,VIT,https://www.vlr.gg/player/5022/derke,International,670467,267807,BreezePICK,bo3,1.68,319,21,10,5,79%,215,23%,8,1,2.1
Chronicle,VIT,https://www.vlr.gg/player/458/chronicle,International,670467,267807,BreezePICK,bo3,1.20,260,16,13,7,74%,166,12%,4,1,1.23
PROFEK,VIT,https://www.vlr.gg/player/5554/profek,International,670467,267807,BreezePICK,bo3,1.13,175,14,11,8,74%,108,19%,3,1,1.27
Jamppi,VIT,https://www.vlr.gg/player/9780/jamppi,International,670467,267807,BreezePICK,bo3,1.09,166,11,10,10,74%,112,34%,0,1,1.1
Sayonara,VIT,https://www.vlr.gg/player/33902/sayonara,International,670467,267807,BreezePICK,bo3,0.97,149,11,11,5,68%,114,40%,0,0,1.0
koshmaras,TH,https://www.vlr.gg/player/23365/koshmaras,International,670467,267808,LotusPICK,bo3,1.18,246,16,16,5,70%,163,22%,4,2,1.0
benjyfishy,TH,https://www.vlr.gg/player/29873/benjyfishy,International,670467,267808,LotusPICK,bo3,0.84,174,12,16,4,70%,116,39%,3,2,0.75
Wo0t,TH,https://www.vlr.gg/player/21328/wo0t,International,670467,267808,LotusPICK,bo3,0.74,177,13,16,1,65%,116,20%,2,3,0.81
RieNs,TH,https://www.vlr.gg/player/10971/riens,International,670467,267808,LotusPICK,bo3,0.71,162,11,15,6,60%,88,46%,2,1,0.73
Boo,TH,https://www.vlr.gg/player/1144/boo,International,670467,267808,LotusPICK,bo3,0.62,128,8,15,4,50%,88,36%,0,1,0.53
Derke,VIT,https://www.vlr.gg/player/5022/derke,International,670467,267808,LotusPICK,bo3,1.46,339,23,16,7,75%,212,14%,3,3,1.44
PROFEK,VIT,https://www.vlr.gg/player/5554/profek,International,670467,267808,LotusPICK,bo3,1.29,179,13,11,12,75%,124,22%,2,1,1.18
Chronicle,VIT,https://www.vlr.gg/player/458/chronicle,International,670467,267808,LotusPICK,bo3,1.13,241,17,11,3,75%,159,26%,2,3,1.55
Sayonara,VIT,https://www.vlr.gg/player/33902/sayonara,International,670467,267808,LotusPICK,bo3,1.07,195,14,12,7,65%,132,26%,2,2,1.17
Jamppi,VIT,https://www.vlr.gg/player/9780/jamppi,International,670467,267808,LotusPICK,bo3,0.96,137,11,10,9,85%,85,14%,0,2,1.1
ZmjjKK,EDG,https://www.vlr.gg/player/3520/zmjjkk,International,670465,267801,HavenPICK,bo3,1.06,207,14,12,2,71%,123,25%,1,1,1.17
Smoggy,EDG,https://www.vlr.gg/player/4742/smoggy,International,670465,267801,HavenPICK,bo3,0.86,240,12,14,8,94%,176,19%,2,0,0.86
CHICHOO,EDG,https://www.vlr.gg/player/15559/chichoo,International,670465,267801,HavenPICK,bo3,0.84,131,8,11,2,53%,93,29%,2,2,0.73
nobody,EDG,https://www.vlr.gg/player/3017/nobody,International,670465,267801,HavenPICK,bo3,0.61,149,9,13,2,59%,78,38%,2,3,0.69
Jieni7,EDG,https://www.vlr.gg/player/51244/jieni7,International,670465,267801,HavenPICK,bo3,0.38,131,7,14,2,53%,96,34%,1,3,0.5
sociablEE,FUT,https://www.vlr.gg/player/5568/sociablee,International,670465,267801,HavenPICK,bo3,1.60,240,15,7,6,94%,175,33%,1,0,2.14
s0pp,FUT,https://www.vlr.gg/player/39357/s0pp,International,670465,267801,HavenPICK,bo3,1.41,319,21,14,2,82%,199,50%,5,3,1.5
xeus,FUT,https://www.vlr.gg/player/12793/xeus,International,670465,267801,HavenPICK,bo3,1.12,213,14,11,2,71%,140,61%,2,3,1.27
yetujey,FUT,https://www.vlr.gg/player/8369/yetujey,International,670465,267801,HavenPICK,bo3,1.00,162,9,9,4,71%,122,27%,1,2,1.0
KROSTALY,FUT,https://www.vlr.gg/player/15735/krostaly,International,670465,267801,HavenPICK,bo3,0.86,99,5,9,8,94%,72,35%,0,0,0.56
CHICHOO,EDG,https://www.vlr.gg/player/15559/chichoo,International,670465,267802,PearlPICK,bo3,1.27,204,19,14,12,69%,136,23%,0,2,1.36
ZmjjKK,EDG,https://www.vlr.gg/player/3520/zmjjkk,International,670465,267802,PearlPICK,bo3,1.12,275,24,20,8,77%,174,24%,3,6,1.2
Smoggy,EDG,https://www.vlr.gg/player/4742/smoggy,International,670465,267802,PearlPICK,bo3,1.06,222,19,19,10,81%,159,39%,2,2,1.0
Jieni7,EDG,https://www.vlr.gg/player/51244/jieni7,International,670465,267802,PearlPICK,bo3,0.99,197,20,18,6,62%,132,37%,2,2,1.11
nobody,EDG,https://www.vlr.gg/player/3017/nobody,International,670465,267802,PearlPICK,bo3,0.88,173,16,19,8,69%,117,28%,2,5,0.84
xeus,FUT,https://www.vlr.gg/player/12793/xeus,International,670465,267802,PearlPICK,bo3,1.33,284,26,19,5,73%,168,39%,9,2,1.37
KROSTALY,FUT,https://www.vlr.gg/player/15735/krostaly,International,670465,267802,PearlPICK,bo3,1.13,204,18,19,19,81%,134,45%,1,0,0.95
yetujey,FUT,https://www.vlr.gg/player/8369/yetujey,International,670465,267802,PearlPICK,bo3,1.07,221,20,19,7,77%,159,19%,1,0,1.05
s0pp,FUT,https://www.vlr.gg/player/39357/s0pp,International,670465,267802,PearlPICK,bo3,0.96,200,16,21,7,77%,132,12%,4,4,0.76
sociablEE,FUT,https://www.vlr.gg/player/5568/sociablee,International,670465,267802,PearlPICK,bo3,0.50,113,10,20,8,62%,77,32%,2,3,0.5
ZmjjKK,EDG,https://www.vlr.gg/player/3520/zmjjkk,International,670465,267803,Fracture,bo3,1.46,340,22,11,5,72%,196,27%,7,4,2.0
Jieni7,EDG,https://www.vlr.gg/player/51244/jieni7,International,670465,267803,Fracture,bo3,1.39,187,13,8,8,78%,115,31%,0,0,1.62
nobody,EDG,https://www.vlr.gg/player/3017/nobody,International,670465,267803,Fracture,bo3,1.35,289,19,11,7,94%,177,26%,1,0,1.73
CHICHOO,EDG,https://www.vlr.gg/player/15559/chichoo,International,670465,267803,Fracture,bo3,1.14,192,14,9,3,78%,136,28%,2,1,1.56
Smoggy,EDG,https://www.vlr.gg/player/4742/smoggy,International,670465,267803,Fracture,bo3,0.70,126,8,13,7,89%,91,47%,1,2,0.62
s0pp,FUT,https://www.vlr.gg/player/39357/s0pp,International,670465,267803,Fracture,bo3,0.92,186,10,14,5,50%,134,30%,2,6,0.71
sociablEE,FUT,https://www.vlr.gg/player/5568/sociablee,International,670465,267803,Fracture,bo3,0.87,206,12,15,4,61%,124,14%,1,3,0.8
xeus,FUT,https://www.vlr.gg/player/12793/xeus,International,670465,267803,Fracture,bo3,0.82,160,11,15,3,67%,117,30%,1,1,0.73
KROSTALY,FUT,https://www.vlr.gg/player/15735/krostaly,International,670465,267803,Fracture,bo3,0.71,167,10,16,6,67%,110,38%,0,0,0.62
yetujey,FUT,https://www.vlr.gg/player/8369/yetujey,International,670465,267803,Fracture,bo3,0.67,159,9,16,5,67%,99,30%,3,1,0.56
leaf,G2,https://www.vlr.gg/player/7873/leaf,International,670464,267798,LotusPICK,bo3,1.63,277,19,12,9,90%,195,45%,0,1,1.58
BABYBAY,G2,https://www.vlr.gg/player/2170/babybay,International,670464,267798,LotusPICK,bo3,1.57,291,19,9,5,90%,186,28%,3,1,2.11
jawgemo,G2,https://www.vlr.gg/player/3993/jawgemo,International,670464,267798,LotusPICK,bo3,1.16,187,14,11,6,85%,134,24%,1,2,1.27
trent,G2,https://www.vlr.gg/player/15500/trent,International,670464,267798,LotusPICK,bo3,1.01,190,13,13,7,80%,139,38%,2,2,1.0
valyn,G2,https://www.vlr.gg/player/3885/valyn,International,670464,267798,LotusPICK,bo3,1.00,201,17,13,5,80%,139,28%,2,6,1.31
happywei,XLG,https://www.vlr.gg/player/37927/happywei,International,670464,267798,LotusPICK,bo3,0.99,221,15,16,5,70%,139,37%,5,2,0.94
Lysoar,XLG,https://www.vlr.gg/player/37489/lysoar,International,670464,267798,LotusPICK,bo3,0.96,238,18,18,3,65%,162,41%,2,0,1.0
WsLeo,XLG,https://www.vlr.gg/player/24308/wsleo,International,670464,267798,LotusPICK,bo3,0.65,163,11,18,6,75%,110,24%,2,3,0.61
Rarga,XLG,https://www.vlr.gg/player/22047/rarga,International,670464,267798,LotusPICK,bo3,0.59,107,8,16,5,55%,68,35%,3,3,0.5
NoMan,XLG,https://www.vlr.gg/player/11527/noman,International,670464,267798,LotusPICK,bo3,0.55,98,6,14,3,55%,69,27%,0,0,0.43
leaf,G2,https://www.vlr.gg/player/7873/leaf,International,670464,267799,AscentPICK,bo3,1.14,240,14,14,4,71%,147,41%,3,4,1.0
trent,G2,https://www.vlr.gg/player/15500/trent,International,670464,267799,AscentPICK,bo3,1.08,208,11,14,4,76%,165,23%,1,0,0.79
valyn,G2,https://www.vlr.gg/player/3885/valyn,International,670464,267799,AscentPICK,bo3,1.07,226,13,14,5,65%,148,32%,1,0,0.93
jawgemo,G2,https://www.vlr.gg/player/3993/jawgemo,International,670464,267799,AscentPICK,bo3,0.58,142,7,15,3,59%,100,15%,1,3,0.47
BABYBAY,G2,https://www.vlr.gg/player/2170/babybay,International,670464,267799,AscentPICK,bo3,0.33,103,5,16,1,47%,78,37%,2,2,0.31
happywei,XLG,https://www.vlr.gg/player/37927/happywei,International,670464,267799,AscentPICK,bo3,1.40,257,15,10,11,76%,196,23%,1,1,1.5
Lysoar,XLG,https://www.vlr.gg/player/37489/lysoar,International,670464,267799,AscentPICK,bo3,1.28,187,15,7,6,82%,117,23%,2,1,2.14
WsLeo,XLG,https://www.vlr.gg/player/24308/wsleo,International,670464,267799,AscentPICK,bo3,1.27,259,17,11,7,82%,163,27%,2,0,1.55
NoMan,XLG,https://www.vlr.gg/player/11527/noman,International,670464,267799,AscentPICK,bo3,1.21,223,13,10,5,82%,163,46%,1,4,1.3
Rarga,XLG,https://www.vlr.gg/player/22047/rarga,International,670464,267799,AscentPICK,bo3,0.93,227,13,12,4,65%,154,27%,3,2,1.08
BABYBAY,G2,https://www.vlr.gg/player/2170/babybay,International,670464,267800,Split,bo3,1.24,251,19,17,6,68%,159,25%,2,4,1.12
trent,G2,https://www.vlr.gg/player/15500/trent,International,670464,267800,Split,bo3,1.04,189,14,16,8,73%,136,35%,2,3,0.88
jawgemo,G2,https://www.vlr.gg/player/3993/jawgemo,International,670464,267800,Split,bo3,0.97,189,14,16,5,68%,129,22%,2,3,0.88
leaf,G2,https://www.vlr.gg/player/7873/leaf,International,670464,267800,Split,bo3,0.79,151,10,17,5,68%,99,26%,2,3,0.59
valyn,G2,https://www.vlr.gg/player/3885/valyn,International,670464,267800,Split,bo3,0.72,118,11,15,2,64%,79,24%,0,1,0.73
happywei,XLG,https://www.vlr.gg/player/37927/happywei,International,670464,267800,Split,bo3,1.29,256,20,14,8,86%,167,40%,5,2,1.43
NoMan,XLG,https://www.vlr.gg/player/11527/noman,International,670464,267800,Split,bo3,1.05,210,17,14,4,77%,117,15%,2,2,1.21
WsLeo,XLG,https://www.vlr.gg/player/24308/wsleo,International,670464,267800,Split,bo3,1.01,161,12,11,5,73%,109,22%,3,1,1.09
Lysoar,XLG,https://www.vlr.gg/player/37489/lysoar,International,670464,267800,Split,bo3,0.97,228,19,15,2,73%,131,23%,1,0,1.27
Rarga,XLG,https://www.vlr.gg/player/22047/rarga,International,670464,267800,Split,bo3,0.69,155,13,14,0,64%,105,26%,3,3,0.93
spike,LEV,https://www.vlr.gg/player/21661/spike,International,670473,267827,SplitPICK,bo3,1.77,298,18,6,4,88%,205,21%,2,1,3.0
blowz,LEV,https://www.vlr.gg/player/21251/blowz,International,670473,267827,SplitPICK,bo3,1.59,211,12,4,7,94%,132,26%,3,1,3.0
Sato,LEV,https://www.vlr.gg/player/21659/sato,International,670473,267827,SplitPICK,bo3,1.43,273,18,7,6,81%,180,34%,1,1,2.57
Neon,LEV,https://www.vlr.gg/player/29243/neon,International,670473,267827,SplitPICK,bo3,1.35,186,11,4,7,94%,114,57%,3,0,2.75
kiNgg,LEV,https://www.vlr.gg/player/8549/kingg,International,670473,267827,SplitPICK,bo3,1.18,224,12,7,6,81%,150,19%,2,2,1.71
benjyfishy,TH,https://www.vlr.gg/player/29873/benjyfishy,International,670473,267827,SplitPICK,bo3,1.07,225,11,13,2,50%,158,27%,0,1,0.85
koshmaras,TH,https://www.vlr.gg/player/23365/koshmaras,International,670473,267827,SplitPICK,bo3,0.46,117,5,15,3,38%,74,14%,3,4,0.33
RieNs,TH,https://www.vlr.gg/player/10971/riens,International,670473,267827,SplitPICK,bo3,0.45,106,5,15,3,50%,68,35%,0,1,0.33
Boo,TH,https://www.vlr.gg/player/1144/boo,International,670473,267827,SplitPICK,bo3,0.44,73,3,13,3,38%,52,13%,0,2,0.23
Wo0t,TH,https://www.vlr.gg/player/21328/wo0t,International,670473,267827,SplitPICK,bo3,0.27,92,4,15,0,31%,76,26%,2,3,0.27
Neon,LEV,https://www.vlr.gg/player/29243/neon,International,670473,267828,LotusPICK,bo3,1.27,276,23,18,3,63%,170,37%,5,4,1.28
Sato,LEV,https://www.vlr.gg/player/21659/sato,International,670473,267828,LotusPICK,bo3,1.01,220,19,19,3,71%,146,22%,6,2,1.0
spike,LEV,https://www.vlr.gg/player/21661/spike,International,670473,267828,LotusPICK,bo3,0.97,192,16,17,9,58%,116,21%,1,2,0.94
blowz,LEV,https://www.vlr.gg/player/21251/blowz,International,670473,267828,LotusPICK,bo3,0.75,131,10,17,11,75%,94,38%,0,2,0.59
kiNgg,LEV,https://www.vlr.gg/player/8549/kingg,International,670473,267828,LotusPICK,bo3,0.71,114,9,17,5,75%,82,25%,1,1,0.53
koshmaras,TH,https://www.vlr.gg/player/23365/koshmaras,International,670473,267828,LotusPICK,bo3,1.25,234,20,14,2,79%,163,24%,5,4,1.43
benjyfishy,TH,https://www.vlr.gg/player/29873/benjyfishy,International,670473,267828,LotusPICK,bo3,1.16,204,17,14,8,88%,131,32%,2,1,1.21
RieNs,TH,https://www.vlr.gg/player/10971/riens,International,670473,267828,LotusPICK,bo3,1.05,209,19,16,8,79%,128,40%,2,0,1.19
Boo,TH,https://www.vlr.gg/player/1144/boo,International,670473,267828,LotusPICK,bo3,0.97,177,15,16,13,79%,113,30%,1,3,0.94
Wo0t,TH,https://www.vlr.gg/player/21328/wo0t,International,670473,267828,LotusPICK,bo3,0.89,200,17,17,4,63%,140,26%,1,5,1.0
Sato,LEV,https://www.vlr.gg/player/21659/sato,International,670473,273204,Ascent,bo3,1.70,326,23,10,6,79%,204,22%,4,2,2.3
Neon,LEV,https://www.vlr.gg/player/29243/neon,International,670473,273204,Ascent,bo3,1.48,240,16,8,7,74%,157,9%,3,2,2.0
blowz,LEV,https://www.vlr.gg/player/21251/blowz,International,670473,273204,Ascent,bo3,1.04,191,13,10,7,74%,100,23%,2,1,1.3
kiNgg,LEV,https://www.vlr.gg/player/8549/kingg,International,670473,273204,Ascent,bo3,1.03,160,12,10,9,79%,93,26%,1,0,1.2
spike,LEV,https://www.vlr.gg/player/21661/spike,International,670473,273204,Ascent,bo3,0.88,199,14,13,4,74%,133,17%,2,2,1.08
RieNs,TH,https://www.vlr.gg/player/10971/riens,International,670473,273204,Ascent,bo3,1.19,244,15,15,3,68%,158,34%,2,2,1.0
benjyfishy,TH,https://www.vlr.gg/player/29873/benjyfishy,International,670473,273204,Ascent,bo3,0.90,164,11,14,3,68%,107,50%,0,1,0.79
koshmaras,TH,https://www.vlr.gg/player/23365/koshmaras,International,670473,273204,Ascent,bo3,0.82,210,12,17,5,63%,143,20%,4,3,0.71
Wo0t,TH,https://www.vlr.gg/player/21328/wo0t,International,670473,273204,Ascent,bo3,0.48,115,6,16,5,58%,81,15%,1,3,0.38
Boo,TH,https://www.vlr.gg/player/1144/boo,International,670473,273204,Ascent,bo3,0.43,95,7,16,7,63%,50,15%,0,3,0.44
trent,G2,https://www.vlr.gg/player/15500/trent,International,670472,267824,AscentPICK,bo3,1.19,228,14,14,6,79%,148,21%,1,0,1.0
BABYBAY,G2,https://www.vlr.gg/player/2170/babybay,International,670472,267824,AscentPICK,bo3,1.05,244,16,13,6,84%,144,18%,3,2,1.23
leaf,G2,https://www.vlr.gg/player/7873/leaf,International,670472,267824,AscentPICK,bo3,0.95,234,14,17,8,79%,155,38%,2,1,0.82
valyn,G2,https://www.vlr.gg/player/3885/valyn,International,670472,267824,AscentPICK,bo3,0.66,142,10,15,4,58%,101,35%,2,4,0.67
jawgemo,G2,https://www.vlr.gg/player/3993/jawgemo,International,670472,267824,AscentPICK,bo3,0.60,136,10,16,2,47%,83,35%,3,1,0.62
yetujey,FUT,https://www.vlr.gg/player/8369/yetujey,International,670472,267824,AscentPICK,bo3,1.56,332,24,14,4,79%,221,30%,2,1,1.71
sociablEE,FUT,https://www.vlr.gg/player/5568/sociablee,International,670472,267824,AscentPICK,bo3,1.36,250,18,11,6,84%,153,33%,3,2,1.64
KROSTALY,FUT,https://www.vlr.gg/player/15735/krostaly,International,670472,267824,AscentPICK,bo3,1.10,210,14,10,4,63%,125,14%,1,1,1.4
xeus,FUT,https://www.vlr.gg/player/12793/xeus,International,670472,267824,AscentPICK,bo3,0.70,151,10,15,5,63%,101,31%,1,2,0.67
s0pp,FUT,https://www.vlr.gg/player/39357/s0pp,International,670472,267824,AscentPICK,bo3,0.63,146,9,14,6,63%,116,20%,1,5,0.64
jawgemo,G2,https://www.vlr.gg/player/3993/jawgemo,International,670472,267825,LotusPICK,bo3,1.21,241,23,19,8,75%,157,23%,4,3,1.21
leaf,G2,https://www.vlr.gg/player/7873/leaf,International,670472,267825,LotusPICK,bo3,1.08,206,20,19,5,64%,135,20%,4,6,1.05
valyn,G2,https://www.vlr.gg/player/3885/valyn,International,670472,267825,LotusPICK,bo3,1.06,219,21,21,10,82%,153,26%,3,2,1.0
trent,G2,https://www.vlr.gg/player/15500/trent,International,670472,267825,LotusPICK,bo3,0.98,194,18,20,18,79%,128,33%,0,0,0.9
BABYBAY,G2,https://www.vlr.gg/player/2170/babybay,International,670472,267825,LotusPICK,bo3,0.57,170,15,23,9,82%,119,18%,2,4,0.65
xeus,FUT,https://www.vlr.gg/player/12793/xeus,International,670472,267825,LotusPICK,bo3,1.29,270,24,20,9,68%,194,35%,3,5,1.2
s0pp,FUT,https://www.vlr.gg/player/39357/s0pp,International,670472,267825,LotusPICK,bo3,1.28,254,27,21,5,71%,151,29%,5,3,1.29
sociablEE,FUT,https://www.vlr.gg/player/5568/sociablee,International,670472,267825,LotusPICK,bo3,1.13,201,19,17,15,71%,124,28%,3,4,1.12
KROSTALY,FUT,https://www.vlr.gg/player/15735/krostaly,International,670472,267825,LotusPICK,bo3,0.86,179,19,21,9,64%,117,28%,4,0,0.9
yetujey,FUT,https://www.vlr.gg/player/8369/yetujey,International,670472,267825,LotusPICK,bo3,0.82,133,13,18,7,75%,105,29%,0,1,0.72
happywei,XLG,https://www.vlr.gg/player/37927/happywei,International,670468,267810,LotusPICK,bo3,1.25,261,20,16,4,78%,163,45%,2,1,1.25
Rarga,XLG,https://www.vlr.gg/player/22047/rarga,International,670468,267810,LotusPICK,bo3,1.05,199,17,14,3,70%,108,26%,4,6,1.21
Lysoar,XLG,https://www.vlr.gg/player/37489/lysoar,International,670468,267810,LotusPICK,bo3,0.91,155,12,15,11,78%,103,18%,0,2,0.8
WsLeo,XLG,https://www.vlr.gg/player/24308/wsleo,International,670468,267810,LotusPICK,bo3,0.88,197,14,18,7,61%,134,30%,0,3,0.78
NoMan,XLG,https://www.vlr.gg/player/11527/noman,International,670468,267810,LotusPICK,bo3,0.59,133,10,18,8,74%,84,43%,2,3,0.56
CHICHOO,EDG,https://www.vlr.gg/player/15559/chichoo,International,670468,267810,LotusPICK,bo3,1.29,198,15,12,15,87%,119,36%,0,0,1.25
Jieni7,EDG,https://www.vlr.gg/player/51244/jieni7,International,670468,267810,LotusPICK,bo3,1.26,283,23,16,5,70%,179,29%,3,1,1.44
Smoggy,EDG,https://www.vlr.gg/player/4742/smoggy,International,670468,267810,LotusPICK,bo3,1.05,185,17,13,0,70%,132,39%,4,2,1.31
ZmjjKK,EDG,https://www.vlr.gg/player/3520/zmjjkk,International,670468,267810,LotusPICK,bo3,0.95,220,16,16,4,70%,139,19%,7,3,1.0
nobody,EDG,https://www.vlr.gg/player/3017/nobody,International,670468,267810,LotusPICK,bo3,0.77,117,10,16,14,74%,67,50%,1,2,0.62
Rarga,XLG,https://www.vlr.gg/player/22047/rarga,International,670468,267811,BreezePICK,bo3,1.28,239,19,13,2,78%,170,22%,2,3,1.46
happywei,XLG,https://www.vlr.gg/player/37927/happywei,International,670468,267811,BreezePICK,bo3,1.17,191,17,13,5,70%,125,28%,2,2,1.31
NoMan,XLG,https://www.vlr.gg/player/11527/noman,International,670468,267811,BreezePICK,bo3,1.05,224,18,16,2,74%,130,22%,6,1,1.12
WsLeo,XLG,https://www.vlr.gg/player/24308/wsleo,International,670468,267811,BreezePICK,bo3,1.02,177,14,13,5,74%,116,16%,1,0,1.08
Lysoar,XLG,https://www.vlr.gg/player/37489/lysoar,International,670468,267811,BreezePICK,bo3,0.57,128,9,17,9,65%,79,21%,2,4,0.53
CHICHOO,EDG,https://www.vlr.gg/player/15559/chichoo,International,670468,267811,BreezePICK,bo3,1.24,241,19,14,4,78%,163,20%,4,2,1.36
nobody,EDG,https://www.vlr.gg/player/3017/nobody,International,670468,267811,BreezePICK,bo3,1.18,252,18,15,5,70%,181,27%,3,0,1.2
Jieni7,EDG,https://www.vlr.gg/player/51244/jieni7,International,670468,267811,BreezePICK,bo3,1.11,189,16,15,7,65%,132,27%,0,1,1.07
ZmjjKK,EDG,https://www.vlr.gg/player/3520/zmjjkk,International,670468,267811,BreezePICK,bo3,0.66,151,11,17,4,57%,108,23%,3,8,0.65
Smoggy,EDG,https://www.vlr.gg/player/4742/smoggy,International,670468,267811,BreezePICK,bo3,0.66,110,8,16,12,65%,62,20%,0,2,0.5
happywei,XLG,https://www.vlr.gg/player/37927/happywei,International,670468,267812,Split,bo3,0.81,186,8,13,6,56%,138,21%,4,2,0.62
Lysoar,XLG,https://www.vlr.gg/player/37489/lysoar,International,670468,267812,Split,bo3,0.79,153,8,12,4,75%,92,31%,0,0,0.67
NoMan,XLG,https://www.vlr.gg/player/11527/noman,International,670468,267812,Split,bo3,0.72,141,8,10,2,81%,90,21%,0,2,0.8
Rarga,XLG,https://www.vlr.gg/player/22047/rarga,International,670468,267812,Split,bo3,0.54,122,6,12,1,50%,97,22%,1,3,0.5
WsLeo,XLG,https://www.vlr.gg/player/24308/wsleo,International,670468,267812,Split,bo3,0.40,79,4,12,3,44%,42,22%,0,4,0.33
ZmjjKK,EDG,https://www.vlr.gg/player/3520/zmjjkk,International,670468,267812,Split,bo3,1.82,285,18,6,2,94%,196,30%,5,2,3.0
Smoggy,EDG,https://www.vlr.gg/player/4742/smoggy,International,670468,267812,Split,bo3,1.39,235,13,7,3,81%,153,29%,2,2,1.86
Jieni7,EDG,https://www.vlr.gg/player/51244/jieni7,International,670468,267812,Split,bo3,1.30,195,11,6,7,81%,130,35%,1,1,1.83
nobody,EDG,https://www.vlr.gg/player/3017/nobody,International,670468,267812,Split,bo3,1.12,157,8,7,9,88%,92,22%,2,0,1.14
CHICHOO,EDG,https://www.vlr.gg/player/15559/chichoo,International,670468,267812,Split,bo3,1.02,139,9,8,1,69%,102,26%,1,0,1.12
d4v41,PRX,https://www.vlr.gg/player/9803/d4v41,International,670469,267813,BreezePICK,bo3,1.91,312,21,8,2,81%,207,42%,3,0,2.62
invy,PRX,https://www.vlr.gg/player/8504/invy,International,670469,267813,BreezePICK,bo3,1.56,272,16,8,5,88%,183,50%,2,0,2.0
something,PRX,https://www.vlr.gg/player/17086/something,International,670469,267813,BreezePICK,bo3,1.34,223,15,9,4,94%,153,25%,2,1,1.67
f0rsakeN,PRX,https://www.vlr.gg/player/9801/f0rsaken,International,670469,267813,BreezePICK,bo3,0.97,199,9,12,8,88%,155,28%,2,2,0.75
Jinggg,PRX,https://www.vlr.gg/player/7378/jinggg,International,670469,267813,BreezePICK,bo3,0.76,176,12,11,4,81%,123,37%,2,2,1.09
Derke,VIT,https://www.vlr.gg/player/5022/derke,International,670469,267813,BreezePICK,bo3,1.13,275,15,14,1,63%,175,33%,4,2,1.07
Chronicle,VIT,https://www.vlr.gg/player/458/chronicle,International,670469,267813,BreezePICK,bo3,0.83,204,11,15,2,44%,132,28%,0,2,0.73
PROFEK,VIT,https://www.vlr.gg/player/5554/profek,International,670469,267813,BreezePICK,bo3,0.55,144,7,15,9,63%,97,20%,0,2,0.47
Jamppi,VIT,https://www.vlr.gg/player/9780/jamppi,International,670469,267813,BreezePICK,bo3,0.47,139,8,14,0,44%,92,39%,1,3,0.57
Sayonara,VIT,https://www.vlr.gg/player/33902/sayonara,International,670469,267813,BreezePICK,bo3,0.43,122,7,15,2,63%,86,40%,0,2,0.47
Jinggg,PRX,https://www.vlr.gg/player/7378/jinggg,International,670469,267814,SplitPICK,bo3,1.46,301,20,13,5,74%,190,31%,4,1,1.54
f0rsakeN,PRX,https://www.vlr.gg/player/9801/f0rsaken,International,670469,267814,SplitPICK,bo3,0.82,189,12,16,5,63%,124,34%,1,3,0.75
invy,PRX,https://www.vlr.gg/player/8504/invy,International,670469,267814,SplitPICK,bo3,0.67,134,8,14,12,58%,77,16%,0,2,0.57
d4v41,PRX,https://www.vlr.gg/player/9803/d4v41,International,670469,267814,SplitPICK,bo3,0.60,158,10,17,2,63%,124,26%,0,1,0.59
something,PRX,https://www.vlr.gg/player/17086/something,International,670469,267814,SplitPICK,bo3,0.53,138,9,16,3,53%,86,19%,4,3,0.56
Derke,VIT,https://www.vlr.gg/player/5022/derke,International,670469,267814,SplitPICK,bo3,1.49,290,21,13,2,79%,203,28%,4,4,1.62
Chronicle,VIT,https://www.vlr.gg/player/458/chronicle,International,670469,267814,SplitPICK,bo3,1.31,220,14,9,5,84%,148,33%,2,1,1.56
Sayonara,VIT,https://www.vlr.gg/player/33902/sayonara,International,670469,267814,SplitPICK,bo3,1.22,229,16,13,1,79%,146,31%,2,2,1.23
PROFEK,VIT,https://www.vlr.gg/player/5554/profek,International,670469,267814,SplitPICK,bo3,1.00,160,12,10,4,63%,107,25%,1,1,1.2
Jamppi,VIT,https://www.vlr.gg/player/9780/jamppi,International,670469,267814,SplitPICK,bo3,0.83,186,13,14,4,63%,121,22%,1,1,0.93
something,PRX,https://www.vlr.gg/player/17086/something,International,670469,267815,Fracture,bo3,1.51,257,18,9,10,84%,190,38%,2,2,2.0
invy,PRX,https://www.vlr.gg/player/8504/invy,International,670469,267815,Fracture,bo3,1.49,197,14,7,8,89%,148,47%,0,0,2.0
Jinggg,PRX,https://www.vlr.gg/player/7378/jinggg,International,670469,267815,Fracture,bo3,1.22,253,17,13,3,74%,172,31%,5,3,1.31
d4v41,PRX,https://www.vlr.gg/player/9803/d4v41,International,670469,267815,Fracture,bo3,1.21,204,16,11,3,84%,149,35%,2,1,1.45
f0rsakeN,PRX,https://www.vlr.gg/player/9801/f0rsaken,International,670469,267815,Fracture,bo3,1.05,225,14,14,10,84%,154,20%,2,2,1.0
PROFEK,VIT,https://www.vlr.gg/player/5554/profek,International,670469,267815,Fracture,bo3,1.30,284,17,15,7,74%,169,36%,5,1,1.13
Chronicle,VIT,https://www.vlr.gg/player/458/chronicle,International,670469,267815,Fracture,bo3,0.78,149,11,14,2,58%,100,29%,0,3,0.79
Jamppi,VIT,https://www.vlr.gg/player/9780/jamppi,International,670469,267815,Fracture,bo3,0.64,132,9,16,3,74%,73,26%,1,0,0.56
Derke,VIT,https://www.vlr.gg/player/5022/derke,International,670469,267815,Fracture,bo3,0.59,166,10,17,2,58%,131,28%,0,3,0.59
Sayonara,VIT,https://www.vlr.gg/player/33902/sayonara,International,670469,267815,Fracture,bo3,0.36,121,7,17,4,47%,79,25%,2,4,0.41
NoMan,XLG,https://www.vlr.gg/player/11527/noman,International,670475,267833,HavenPICK,bo3,1.02,180,14,14,2,75%,122,24%,2,2,1.0
WsLeo,XLG,https://www.vlr.gg/player/24308/wsleo,International,670475,267833,HavenPICK,bo3,0.88,181,12,15,7,80%,115,25%,2,3,0.8
Rarga,XLG,https://www.vlr.gg/player/22047/rarga,International,670475,267833,HavenPICK,bo3,0.79,174,13,16,7,75%,111,37%,2,3,0.81
happywei,XLG,https://www.vlr.gg/player/37927/happywei,International,670475,267833,HavenPICK,bo3,0.72,165,11,16,4,55%,113,36%,1,3,0.69
Lysoar,XLG,https://www.vlr.gg/player/37489/lysoar,International,670475,267833,HavenPICK,bo3,0.57,116,6,17,13,75%,80,24%,0,2,0.35
spike,LEV,https://www.vlr.gg/player/21661/spike,International,670475,267833,HavenPICK,bo3,1.71,366,26,13,8,80%,231,28%,4,3,2.0
Sato,LEV,https://www.vlr.gg/player/21659/sato,International,670475,267833,HavenPICK,bo3,1.34,244,16,13,13,85%,174,29%,1,1,1.23
blowz,LEV,https://www.vlr.gg/player/21251/blowz,International,670475,267833,HavenPICK,bo3,1.32,192,13,10,11,90%,130,43%,1,0,1.3
kiNgg,LEV,https://www.vlr.gg/player/8549/kingg,International,670475,267833,HavenPICK,bo3,1.19,155,11,8,10,90%,104,43%,2,2,1.38
Neon,LEV,https://www.vlr.gg/player/29243/neon,International,670475,267833,HavenPICK,bo3,0.87,161,12,12,4,70%,114,23%,5,1,1.0
Rarga,XLG,https://www.vlr.gg/player/22047/rarga,International,670475,267834,LotusPICK,bo3,1.01,217,11,13,1,69%,128,35%,2,4,0.85
Lysoar,XLG,https://www.vlr.gg/player/37489/lysoar,International,670475,267834,LotusPICK,bo3,0.54,166,8,17,2,50%,112,27%,0,1,0.47
WsLeo,XLG,https://www.vlr.gg/player/24308/wsleo,International,670475,267834,LotusPICK,bo3,0.42,140,8,16,1,44%,82,50%,1,2,0.5
happywei,XLG,https://www.vlr.gg/player/37927/happywei,International,670475,267834,LotusPICK,bo3,0.36,110,5,15,2,44%,76,14%,3,1,0.33
NoMan,XLG,https://www.vlr.gg/player/11527/noman,International,670475,267834,LotusPICK,bo3,0.28,64,3,14,2,44%,56,20%,0,2,0.21
Neon,LEV,https://www.vlr.gg/player/29243/neon,International,670475,267834,LotusPICK,bo3,1.75,316,20,6,1,88%,203,33%,4,1,3.33
spike,LEV,https://www.vlr.gg/player/21661/spike,International,670475,267834,LotusPICK,bo3,1.58,285,17,8,9,75%,191,39%,3,2,2.12
blowz,LEV,https://www.vlr.gg/player/21251/blowz,International,670475,267834,LotusPICK,bo3,1.40,169,11,4,9,94%,132,40%,0,1,2.75
Sato,LEV,https://www.vlr.gg/player/21659/sato,International,670475,267834,LotusPICK,bo3,1.19,269,15,10,7,75%,173,22%,2,2,1.5
kiNgg,LEV,https://www.vlr.gg/player/8549/kingg,International,670475,267834,LotusPICK,bo3,1.16,201,12,7,3,75%,132,34%,1,0,1.71
Derke,VIT,https://www.vlr.gg/player/5022/derke,International,670474,267830,LotusPICK,bo3,1.58,316,20,11,12,100%,243,14%,2,1,1.82
PROFEK,VIT,https://www.vlr.gg/player/5554/profek,International,670474,267830,LotusPICK,bo3,1.35,197,15,9,10,90%,122,30%,1,0,1.67
Jamppi,VIT,https://www.vlr.gg/player/9780/jamppi,International,670474,267830,LotusPICK,bo3,1.25,224,19,13,3,85%,136,24%,2,2,1.46
Chronicle,VIT,https://www.vlr.gg/player/458/chronicle,International,670474,267830,LotusPICK,bo3,0.99,178,14,12,4,90%,121,31%,2,1,1.17
Sayonara,VIT,https://www.vlr.gg/player/33902/sayonara,International,670474,267830,LotusPICK,bo3,0.96,200,16,13,2,80%,121,37%,6,3,1.23
s0pp,FUT,https://www.vlr.gg/player/39357/s0pp,International,670474,267830,LotusPICK,bo3,0.99,187,14,15,1,60%,132,44%,1,3,0.93
yetujey,FUT,https://www.vlr.gg/player/8369/yetujey,International,670474,267830,LotusPICK,bo3,0.87,196,12,17,5,65%,146,17%,1,1,0.71
KROSTALY,FUT,https://www.vlr.gg/player/15735/krostaly,International,670474,267830,LotusPICK,bo3,0.78,176,11,17,6,55%,117,40%,3,2,0.65
xeus,FUT,https://www.vlr.gg/player/12793/xeus,International,670474,267830,LotusPICK,bo3,0.65,179,13,18,0,55%,108,35%,1,3,0.72
sociablEE,FUT,https://www.vlr.gg/player/5568/sociablee,International,670474,267830,LotusPICK,bo3,0.44,127,8,17,7,65%,77,30%,1,4,0.47
Derke,VIT,https://www.vlr.gg/player/5022/derke,International,670474,267831,AscentPICK,bo3,1.90,319,20,6,3,80%,179,28%,3,2,3.33
PROFEK,VIT,https://www.vlr.gg/player/5554/profek,International,670474,267831,AscentPICK,bo3,1.53,283,17,6,7,93%,171,21%,1,2,2.83
Chronicle,VIT,https://www.vlr.gg/player/458/chronicle,International,670474,267831,AscentPICK,bo3,1.42,302,16,10,11,93%,214,19%,2,0,1.6
Sayonara,VIT,https://www.vlr.gg/player/33902/sayonara,International,670474,267831,AscentPICK,bo3,1.27,205,11,6,6,87%,124,14%,1,1,1.83
Jamppi,VIT,https://www.vlr.gg/player/9780/jamppi,International,670474,267831,AscentPICK,bo3,0.88,163,7,8,8,87%,115,17%,1,1,0.88
KROSTALY,FUT,https://www.vlr.gg/player/15735/krostaly,International,670474,267831,AscentPICK,bo3,0.96,251,13,14,2,73%,177,42%,3,2,0.93
sociablEE,FUT,https://www.vlr.gg/player/5568/sociablee,International,670474,267831,AscentPICK,bo3,0.58,146,7,13,6,60%,85,15%,0,2,0.54
yetujey,FUT,https://www.vlr.gg/player/8369/yetujey,International,670474,267831,AscentPICK,bo3,0.50,129,5,14,1,40%,99,45%,0,1,0.36
s0pp,FUT,https://www.vlr.gg/player/39357/s0pp,International,670474,267831,AscentPICK,bo3,0.47,153,7,16,0,47%,96,44%,4,4,0.44
xeus,FUT,https://www.vlr.gg/player/12793/xeus,International,670474,267831,AscentPICK,bo3,0.30,108,4,15,5,60%,72,45%,0,0,0.27
