Region,Player,Org,ProfileURL,Agents,Maps,Rnd,R,ACS,K:D,KAST,ADR,KPR,APR,FK:FD,FKPR,FDPR,HS%,CL%,CL,KMAX,K,D,A,FK,FD
Mixed,Demon1,Team,https://www.vlr.gg/player/26171/demon1,100%,1,20,1.58,328,1.60,80%,189.6,1.20,0.45,0.00,0.00,0.25,48%,50%,1/2,24,24,15,9,0,5
Mixed,Aace,FL,https://www.vlr.gg/player/43064/aace,100%,2,40,1.56,382,1.49,75%,247.2,1.30,0.15,3.00,0.38,0.13,40%,0%,0/3,29,52,35,6,15,5
Mixed,brazy,BLX,https://www.vlr.gg/player/7994/brazy,100%,2,41,1.37,302,1.57,68%,183.8,1.07,0.10,1.71,0.29,0.17,18%,0%,0/4,29,44,28,4,12,7
Mixed,Madaô,BXLZ,https://www.vlr.gg/player/4614/mada,50%50%,2,42,1.33,231,1.35,76%,157.7,0.83,0.24,2.50,0.12,0.05,26%,20%,2/10,20,35,26,10,5,2
Mixed,Darxcioo,BXLZ,https://www.vlr.gg/player/42358/darxcioo,50%50%,2,42,1.32,319,1.47,83%,190.8,1.12,0.21,1.57,0.26,0.17,35%,0%,0/4,27,47,32,9,11,7
Mixed,iiTzTimmy,Team,https://www.vlr.gg/player/18161/iitztimmy,100%,1,20,1.28,233,1.64,60%,143.2,0.90,0.00,0.33,0.05,0.15,32%,50%,1/2,18,18,11,0,1,3
Mixed,Sacy,Team,https://www.vlr.gg/player/659/sacy,100%,1,20,1.26,221,1.36,75%,134.9,0.75,0.35,,0.05,0.00,19%,0%,0/2,15,15,11,7,1,0
Mixed,Xeppaa,C9,https://www.vlr.gg/player/7871/xeppaa,80%20%,5,109,1.24,227,1.36,77%,141.1,0.83,0.30,2.50,0.09,0.04,25%,0%,0/7,22,91,67,33,10,4
Mixed,zander,CUBE,https://www.vlr.gg/player/8082/zander,67%17%17%,6,107,1.23,230,1.37,80%,146.8,0.83,0.47,2.40,0.11,0.05,25%,18%,2/11,21,89,65,50,12,5
Mixed,YuNo,Klan,https://www.vlr.gg/player/15473/yuno,100%,3,64,1.22,224,1.23,77%,145.4,0.75,0.33,1.67,0.08,0.05,30%,20%,2/10,19,48,39,21,5,3
Mixed,TenZ,Team,https://www.vlr.gg/player/9/tenz,100%,1,20,1.20,222,1.08,75%,152.3,0.70,0.30,3.00,0.15,0.05,29%,0%,0/2,14,14,13,6,3,1
Mixed,Kess,CUBE,https://www.vlr.gg/player/9094/kess,83%17%,6,107,1.20,227,1.28,83%,149.4,0.81,0.25,2.33,0.07,0.03,24%,5%,1/19,23,87,68,27,7,3
Mixed,jawgemo,G2,https://www.vlr.gg/player/3993/jawgemo,56%33%11%,9,186,1.19,230,1.29,73%,148.6,0.87,0.20,1.40,0.19,0.13,24%,44%,8/18,34,162,126,37,35,25
Mixed,Hassan,Klan,https://www.vlr.gg/player/48951/hassan,100%,3,64,1.18,209,1.26,72%,136.6,0.75,0.20,1.50,0.09,0.06,26%,27%,3/11,20,48,38,13,6,4
Mixed,NiSMO,CUBE,https://www.vlr.gg/player/4828/nismo,50%17%17%+1,6,107,1.16,206,1.29,76%,138.6,0.76,0.30,0.56,0.05,0.08,29%,27%,3/11,21,81,63,32,5,9
Mixed,Saiz,Klan,https://www.vlr.gg/player/7220/saiz,100%,3,64,1.16,224,1.24,80%,150.7,0.80,0.27,1.20,0.09,0.08,42%,20%,1/5,20,51,41,17,6,5
Mixed,penny,C9,https://www.vlr.gg/player/7716/penny,40%40%20%,5,109,1.16,238,1.22,76%,156.8,0.82,0.26,1.00,0.10,0.10,21%,0%,0/15,24,89,73,28,11,11
Mixed,trent,G2,https://www.vlr.gg/player/15500/trent,67%33%,9,186,1.16,191,1.28,75%,123.3,0.72,0.30,0.93,0.08,0.08,29%,29%,9/31,25,133,104,56,14,15
Mixed,mada,NRG,https://www.vlr.gg/player/5132/mada,57%29%14%,7,139,1.15,235,1.30,71%,160.7,0.86,0.19,1.33,0.23,0.17,34%,14%,1/7,23,120,92,26,32,24
Mixed,Leosen,SGE,https://www.vlr.gg/player/9508/leosen,67%33%,3,67,1.14,237,1.08,75%,148.6,0.78,0.43,2.60,0.19,0.07,29%,0%,0/5,21,52,48,29,13,5
Mixed,P0PPIN,ENVY,https://www.vlr.gg/player/21778/p0ppin,50%50%,2,49,1.12,209,1.09,73%,131.3,0.71,0.35,0.20,0.02,0.10,38%,50%,3/6,21,35,32,17,1,5
Mixed,stax,T1,https://www.vlr.gg/player/485/stax,100%,3,64,1.11,209,1.05,72%,144.5,0.72,0.38,0.80,0.06,0.08,37%,30%,3/10,19,46,44,24,4,5
Mixed,valyn,G2,https://www.vlr.gg/player/3885/valyn,78%22%,9,186,1.10,216,1.19,78%,133.1,0.78,0.38,1.57,0.12,0.08,31%,17%,2/12,22,145,122,70,22,14
Mixed,Depyro,RAAD,https://www.vlr.gg/player/8237/depyro,50%50%,2,45,1.10,203,1.00,76%,133.8,0.71,0.36,0.33,0.02,0.07,17%,29%,2/7,22,32,32,16,1,3
Mixed,N4RRATE,SEN,https://www.vlr.gg/player/36245/n4rrate,33%33%33%,3,71,1.10,229,1.11,66%,152.9,0.83,0.17,0.54,0.10,0.18,23%,33%,1/3,23,59,53,12,7,13
Mixed,Ethan,NRG,https://www.vlr.gg/player/11225/ethan,29%29%29%+1,7,139,1.09,220,1.11,74%,144.0,0.77,0.37,0.62,0.06,0.09,26%,15%,2/13,22,107,96,52,8,13
Mixed,MOLSI,Klan,https://www.vlr.gg/player/1281/molsi,100%,3,64,1.08,227,1.18,72%,147.5,0.81,0.06,2.67,0.13,0.05,28%,0%,0/4,21,52,44,4,8,3
Mixed,Syratch,BXLZ,https://www.vlr.gg/player/4615/syratch,100%,2,42,1.08,215,1.10,83%,131.0,0.76,0.38,1.00,0.10,0.10,30%,0%,0/3,17,32,29,16,4,4
Mixed,iZu,T1,https://www.vlr.gg/player/29833/izu,67%33%,3,64,1.08,196,1.00,77%,129.1,0.69,0.30,3.00,0.09,0.03,40%,0%,0/8,19,44,44,19,6,2
Mixed,BABYBAY,G2,https://www.vlr.gg/player/2170/babybay,44%33%11%+1,9,186,1.05,220,1.06,72%,139.0,0.72,0.30,1.47,0.12,0.08,19%,19%,3/16,18,134,126,56,22,15
Mixed,Kaaru,BNK,https://www.vlr.gg/player/47522/kaaru,50%50%,2,41,1.05,224,1.06,68%,146.6,0.80,0.15,0.64,0.17,0.27,33%,25%,1/4,22,33,31,6,7,11
Mixed,brawk,NRG,https://www.vlr.gg/player/2172/brawk,86%14%,7,139,1.04,196,0.98,74%,131.0,0.66,0.37,1.25,0.07,0.06,15%,16%,3/19,15,92,94,52,10,8
Mixed,Reduxx,SEN,https://www.vlr.gg/player/8419/reduxx,67%33%,3,71,1.04,220,1.11,62%,137.9,0.83,0.07,1.63,0.18,0.11,33%,20%,1/5,31,59,53,5,13,8
Mixed,azury,SGE,https://www.vlr.gg/player/4629/azury,67%33%,3,67,1.03,242,1.09,70%,157.8,0.87,0.19,1.11,0.15,0.13,31%,0%,0/4,21,58,53,13,10,9
Mixed,Rouss,BLX,https://www.vlr.gg/player/39718/rouss,50%50%,2,41,1.03,195,1.11,76%,127.0,0.76,0.24,3.00,0.07,0.02,43%,0%,0/2,18,31,28,10,3,1
Mixed,cortezia,SEN,https://www.vlr.gg/player/5395/cortezia,33%33%33%,3,71,1.02,184,1.07,69%,120.7,0.66,0.18,1.17,0.10,0.08,35%,0%,0/15,21,47,44,13,7,6
Mixed,Zellsis,C9,https://www.vlr.gg/player/729/zellsis,40%20%20%+1,5,109,1.01,189,1.06,77%,116.1,0.63,0.37,0.82,0.08,0.10,22%,7%,1/14,19,69,65,40,9,11
Mixed,OXY,LUDWIG,https://www.vlr.gg/player/18796/oxy,50%33%17%,6,129,1.01,226,1.07,69%,149.2,0.81,0.19,1.11,0.16,0.15,22%,14%,1/7,23,104,97,24,21,19
Mixed,ion,ENVY,https://www.vlr.gg/player/29547/ion,50%50%,2,49,1.01,198,0.90,73%,125.4,0.71,0.43,0.80,0.08,0.10,27%,0%,0/6,21,35,39,21,4,5
Mixed,crashies,LUDWIG,https://www.vlr.gg/player/4/crashies,40%40%20%,5,100,1.00,195,1.03,74%,132.7,0.67,0.25,1.67,0.05,0.03,41%,6%,1/18,18,67,65,25,5,3
Mixed,musashi,SGE,https://www.vlr.gg/player/4325/musashi,100%,3,67,1.00,200,1.04,70%,125.9,0.73,0.31,4.00,0.12,0.03,27%,14%,2/14,24,49,47,21,8,2
Mixed,leaf,G2,https://www.vlr.gg/player/7873/leaf,44%22%22%+1,9,186,1.00,186,1.02,80%,116.8,0.63,0.40,0.71,0.05,0.08,24%,13%,2/15,19,117,115,75,10,14
Mixed,Tenshi,BLX,https://www.vlr.gg/player/26809/tenshi,50%50%,2,41,1.00,151,0.85,73%,106.0,0.54,0.34,1.00,0.05,0.05,34%,0%,0/5,11,22,26,14,2,2
Mixed,Hals,FL,https://www.vlr.gg/player/34827/hals,50%50%,2,40,1.00,219,1.10,65%,137.9,0.85,0.30,0.60,0.08,0.13,31%,20%,1/5,21,34,31,12,3,5
Mixed,eKo,ZETA,https://www.vlr.gg/player/1960/eko,50%50%,6,105,0.99,230,1.00,72%,138.6,0.79,0.19,0.80,0.15,0.19,21%,8%,1/12,18,83,83,20,16,20
Mixed,kaajak,FNC,https://www.vlr.gg/player/9554/kaajak,100%,4,80,0.99,203,1.05,68%,136.5,0.73,0.13,0.63,0.13,0.20,40%,20%,1/5,20,58,55,10,10,16
Mixed,BuZz,T1,https://www.vlr.gg/player/804/buzz,100%,3,64,0.98,218,0.96,64%,140.5,0.73,0.19,0.44,0.06,0.14,29%,33%,2/6,17,47,49,12,4,9
Mixed,nx1,FTC,https://www.vlr.gg/player/41134/nx1,67%33%,3,52,0.97,187,0.81,60%,132.6,0.65,0.21,1.00,0.04,0.04,25%,18%,2/11,19,34,42,11,2,2
Mixed,Waddles,BNK,https://www.vlr.gg/player/45769/waddles,50%50%,2,41,0.97,204,0.97,71%,135.6,0.78,0.17,1.50,0.07,0.05,36%,0%,0/5,17,32,33,7,3,2
Mixed,Veqaj,FNC,https://www.vlr.gg/player/12928/veqaj,50%25%25%,4,80,0.96,187,1.04,69%,130.4,0.69,0.21,0.67,0.05,0.08,27%,20%,2/10,18,55,53,17,4,6
Mixed,Meteor,T1,https://www.vlr.gg/player/13039/meteor,100%,3,64,0.96,231,1.02,59%,153.4,0.83,0.14,0.70,0.11,0.16,34%,0%,0/5,24,53,52,9,7,10
Mixed,keiko,NRG,https://www.vlr.gg/player/11494/keiko,71%29%,7,139,0.95,174,0.92,69%,115.4,0.64,0.27,0.67,0.07,0.11,31%,8%,1/13,18,89,97,38,10,15
Mixed,Alfajer,Team,https://www.vlr.gg/player/9810/alfajer,60%40%,5,100,0.94,228,1.01,69%,143.1,0.81,0.20,1.18,0.20,0.17,23%,13%,1/8,25,81,80,20,20,17
Mixed,nightz,CUBE,https://www.vlr.gg/player/41798/nightz,50%33%17%,6,107,0.94,201,0.96,71%,129.6,0.70,0.25,1.20,0.17,0.14,30%,13%,1/8,20,75,78,27,18,15
Mixed,Anthem,FL,https://www.vlr.gg/player/6700/anthem,100%,2,40,0.93,137,0.80,65%,103.3,0.50,0.20,0.50,0.03,0.05,34%,11%,1/9,16,20,25,8,1,2
Mixed,Felix,SGE,https://www.vlr.gg/player/12593/felix,67%33%,3,67,0.93,182,0.93,69%,121.7,0.64,0.10,2.50,0.07,0.03,25%,10%,1/10,16,43,46,7,5,2
Mixed,satellite,CUBE,https://www.vlr.gg/player/29076/satellite,67%17%17%,6,107,0.93,206,0.99,79%,135.4,0.71,0.32,1.06,0.16,0.15,18%,0%,0/7,15,76,77,34,17,16
Mixed,SugarZ3ro,ZETA,https://www.vlr.gg/player/6668/sugarz3ro,83%17%,6,105,0.92,197,0.85,73%,118.4,0.68,0.40,0.75,0.03,0.04,23%,14%,2/14,19,71,84,42,3,4
Mixed,Kyu,SEN,https://www.vlr.gg/player/30470/kyu,67%33%,3,71,0.92,176,0.87,63%,122.3,0.56,0.30,0.30,0.04,0.14,20%,20%,1/5,21,40,46,21,3,10
Mixed,skuba,NRG,https://www.vlr.gg/player/11118/skuba,43%29%29%,7,139,0.91,174,0.89,77%,118.6,0.59,0.23,2.17,0.09,0.04,23%,10%,2/20,18,82,92,32,13,6
Mixed,Eggsterr,ENVY,https://www.vlr.gg/player/35302/eggsterr,100%,2,49,0.90,210,0.88,69%,131.4,0.73,0.24,0.27,0.06,0.22,27%,0%,0/4,20,36,41,12,3,11
Mixed,Yassien,RAAD,https://www.vlr.gg/player/20688/yassien,50%50%,2,45,0.89,195,0.79,67%,142.7,0.67,0.22,0.29,0.04,0.16,23%,20%,1/5,17,30,38,10,2,7
Mixed,kpro,BLX,https://www.vlr.gg/player/31058/kpro,50%50%,2,41,0.89,151,0.85,76%,100.6,0.54,0.29,,0.05,0.00,21%,0%,0/7,13,22,26,12,2,0
Mixed,Boaster,FNC,https://www.vlr.gg/player/438/boaster,75%25%,4,80,0.88,166,0.85,68%,112.9,0.59,0.34,1.67,0.06,0.04,29%,30%,3/10,18,47,55,27,5,3
Mixed,RamsZZ,BXLZ,https://www.vlr.gg/player/6115/ramszz,50%50%,2,42,0.88,167,0.83,76%,109.0,0.57,0.48,0.50,0.02,0.05,24%,0%,0/3,13,24,29,20,1,2
Mixed,Absol,ZETA,https://www.vlr.gg/player/34776/absol,50%33%17%,6,105,0.87,174,0.92,68%,115.2,0.63,0.18,1.08,0.12,0.11,20%,11%,1/9,25,66,72,19,13,12
Mixed,Kramz,FTC,https://www.vlr.gg/player/48984/kramz,67%33%,3,52,0.85,185,0.81,69%,117.9,0.65,0.29,0.14,0.02,0.13,24%,29%,2/7,18,34,42,15,1,7
Mixed,v1c,LUDWIG,https://www.vlr.gg/player/17433/v1c,67%17%17%,6,129,0.84,164,0.88,67%,103.5,0.57,0.33,0.62,0.06,0.10,24%,0%,0/15,16,73,83,42,8,13
Mixed,disisjohn,SGE,https://www.vlr.gg/player/12528/disisjohn,100%,3,67,0.83,169,0.81,66%,115.6,0.63,0.30,0.30,0.04,0.15,33%,0%,0/5,23,42,52,20,3,10
Mixed,Ali,RAAD,https://www.vlr.gg/player/9835/ali,50%50%,2,45,0.82,193,0.82,64%,124.5,0.69,0.29,1.33,0.18,0.13,24%,17%,1/6,16,31,38,13,8,6
Mixed,Shniider,RAAD,https://www.vlr.gg/player/14366/shniider,50%50%,2,45,0.82,197,0.81,62%,125.9,0.64,0.31,2.25,0.20,0.09,38%,25%,1/4,16,29,36,14,9,4
Mixed,kubfu,BNK,https://www.vlr.gg/player/36402/kubfu,100%,2,41,0.82,172,0.71,68%,125.3,0.54,0.22,0.50,0.05,0.10,28%,0%,0/3,12,22,31,9,2,4
Mixed,canezerra,ENVY,https://www.vlr.gg/player/36560/canezerra,50%50%,2,49,0.82,225,0.82,65%,138.1,0.73,0.20,0.63,0.10,0.16,19%,25%,1/4,20,36,44,10,5,8
Mixed,johnqt,SEN,https://www.vlr.gg/player/1265/johnqt,33%33%33%,3,71,0.81,118,0.62,69%,84.6,0.39,0.28,3.00,0.04,0.01,24%,10%,1/10,11,28,45,20,3,1
Mixed,Xdll,ZETA,https://www.vlr.gg/player/25221/xdll,33%33%33%,6,105,0.81,154,0.78,68%,104.3,0.54,0.21,0.70,0.07,0.10,26%,31%,4/13,15,57,73,22,7,10
Mixed,HoneyBunny,ZETA,https://www.vlr.gg/player/49906/honeybunny,50%33%17%,6,105,0.78,168,0.76,67%,105.2,0.57,0.16,1.00,0.10,0.10,30%,6%,1/17,16,60,79,17,10,10
Mixed,Inspire,ENVY,https://www.vlr.gg/player/53/inspire,50%50%,2,49,0.77,136,0.63,63%,107.4,0.45,0.20,0.75,0.06,0.08,30%,18%,2/11,19,22,35,10,3,4
Mixed,Shalaby,RAAD,https://www.vlr.gg/player/5639/shalaby,100%,2,45,0.76,143,0.65,69%,98.9,0.49,0.31,0.25,0.02,0.09,23%,20%,2/10,16,22,34,14,1,4
Mixed,Corsa,BNK,https://www.vlr.gg/player/45836/corsa,50%50%,2,41,0.76,178,0.72,56%,125.1,0.56,0.17,0.60,0.07,0.12,31%,0%,0/6,15,23,32,7,3,5
Mixed,tunaso,FTC,https://www.vlr.gg/player/50459/tunaso,67%33%,3,52,0.76,167,0.73,60%,110.8,0.58,0.12,0.88,0.13,0.15,34%,14%,1/7,11,30,41,6,7,8
Mixed,Kajuks,Klan,https://www.vlr.gg/player/15064/kajuks,100%,3,64,0.72,167,0.76,58%,113.0,0.58,0.13,0.60,0.14,0.23,26%,0%,0/1,15,37,49,8,9,15
Mixed,tarik,LUDWIG,https://www.vlr.gg/player/31376/tarik,100%,1,20,0.71,161,0.79,55%,99.4,0.55,0.00,6.00,0.30,0.05,43%,0%,0/2,11,11,14,0,6,1
Mixed,mrtnssj,FTC,https://www.vlr.gg/player/48864/mrtnssj,33%33%33%,3,52,0.71,155,0.65,56%,107.1,0.54,0.13,0.40,0.08,0.19,31%,0%,0/4,11,28,43,7,4,10
Mixed,ianto,BNK,https://www.vlr.gg/player/30901/ianto,50%50%,2,41,0.68,158,0.62,59%,101.0,0.51,0.29,3.00,0.07,0.02,20%,0%,0/9,15,21,34,12,3,1
Mixed,JohnieBoy,BXLZ,https://www.vlr.gg/player/4613/johnieboy,50%50%,2,42,0.66,143,0.56,64%,87.5,0.43,0.36,2.00,0.10,0.05,14%,0%,0/3,10,18,32,15,4,2
Mixed,Luca,FL,https://www.vlr.gg/player/37393/luca,50%50%,2,40,0.63,112,0.52,60%,78.9,0.35,0.18,0.50,0.03,0.05,19%,0%,0/6,10,14,27,7,1,2
Mixed,Ludwig,LUDWIG,https://www.vlr.gg/player/35084/ludwig,100%,1,20,0.60,142,0.63,75%,84.2,0.50,0.05,1.00,0.05,0.05,8%,0%,0/3,10,10,16,1,1,1
Mixed,YoWamu,FL,https://www.vlr.gg/player/34785/yowamu,100%,2,40,0.51,104,0.39,53%,76.9,0.33,0.28,0.20,0.03,0.13,35%,0%,0/1,10,13,33,11,1,5
Mixed,DH,T1,https://www.vlr.gg/player/43057/dh,67%33%,3,64,0.51,118,0.52,56%,89.3,0.42,0.17,0.55,0.09,0.17,33%,0%,0/8,13,27,52,11,6,11
Mixed,leadssj,FTC,https://www.vlr.gg/player/59095/leadssj,33%33%33%,3,52,0.46,128,0.50,42%,92.1,0.44,0.06,0.38,0.06,0.15,21%,14%,1/7,17,23,46,3,3,8
Mixed,Wezy,BLX,https://www.vlr.gg/player/10457/wezy,50%50%,2,41,0.45,133,0.49,71%,96.6,0.41,0.22,0.20,0.05,0.24,38%,0%,0/2,9,17,35,9,2,10
