Region,Player,Org,ProfileURL,Agents,Rnd,R2.0,ACS,K:D,KAST,ADR,KPR,APR,FKPR,FDPR,HS%,CL%,CL,KMax,K,D,A,FK,FD
EMEA,Ruxic,NAVI,https://www.vlr.gg/player/18677/ruxic,(+1),281,1.20,228.8,1.23,75%,148.0,0.81,0.38,0.09,0.06,25%,7%,3/44,24,227,184,106,25,17
EMEA,Sayonara,VIT,https://www.vlr.gg/player/33902/sayonara,(+1),534,1.13,222.3,1.17,73%,149.6,0.78,0.26,0.09,0.07,29%,23%,10/44,31,414,353,137,46,40
EMEA,marteen,M8,https://www.vlr.gg/player/10307/marteen,(+1),351,1.10,229.1,1.10,73%,151.6,0.78,0.29,0.13,0.14,26%,14%,5/36,26,274,250,103,46,48
EMEA,kaajak,FNC,https://www.vlr.gg/player/9554/kaajak,,364,1.10,235.6,1.21,69%,152.1,0.86,0.16,0.18,0.15,31%,13%,3/24,28,312,258,57,65,56
EMEA,Alfajer,FNC,https://www.vlr.gg/player/9810/alfajer,(+4),364,1.10,225.6,1.16,69%,148.3,0.82,0.18,0.14,0.12,37%,17%,8/46,33,299,257,65,51,44
EMEA,hiro,NAVI,https://www.vlr.gg/player/29867/hiro,(+2),281,1.08,217.3,1.11,69%,146.4,0.76,0.22,0.06,0.09,31%,9%,3/33,22,214,193,63,16,25
EMEA,RieNs,TH,https://www.vlr.gg/player/10971/riens,,682,1.08,209.9,1.10,76%,138.3,0.73,0.30,0.06,0.06,35%,16%,12/74,29,500,456,206,43,40
EMEA,Favian,EF,https://www.vlr.gg/player/41720/favian,(+3),503,1.07,216.3,1.07,70%,146.9,0.77,0.26,0.10,0.10,27%,19%,8/42,27,385,359,133,49,49
EMEA,Flickless,GX,https://www.vlr.gg/player/6959/flickless,(+1),278,1.06,194.7,1.02,71%,134.5,0.67,0.33,0.08,0.08,27%,19%,6/31,24,187,184,93,21,22
EMEA,Wo0t,TH,https://www.vlr.gg/player/21328/wo0t,(+2),682,1.06,224.3,1.11,74%,146.0,0.79,0.20,0.17,0.12,26%,11%,4/36,27,537,483,138,113,85
EMEA,yetujey,FUT,https://www.vlr.gg/player/8369/yetujey,,497,1.06,182.8,1.06,72%,125.0,0.67,0.21,0.06,0.06,28%,17%,16/94,27,331,313,102,31,28
EMEA,Minny,M8,https://www.vlr.gg/player/23169/minny,(+1),351,1.06,189.2,1.03,71%,129.0,0.68,0.28,0.07,0.08,31%,14%,9/63,23,239,231,99,26,28
EMEA,Veqaj,FNC,https://www.vlr.gg/player/12928/veqaj,,161,1.06,213.7,1.08,75%,138.4,0.70,0.32,0.12,0.06,34%,8%,1/13,21,112,104,52,20,9
EMEA,purp0,TL,https://www.vlr.gg/player/1885/purp0,(+1),362,1.05,180.1,1.11,76%,120.3,0.67,0.23,0.06,0.05,39%,13%,6/47,26,244,219,84,22,19
EMEA,ara,GX,https://www.vlr.gg/player/11332/ara,,278,1.05,212.0,1.12,71%,132.4,0.77,0.17,0.17,0.15,28%,13%,4/32,25,215,192,46,46,43
EMEA,Boo,TH,https://www.vlr.gg/player/1144/boo,(+1),682,1.05,173.1,0.99,75%,111.1,0.60,0.45,0.06,0.06,33%,15%,19/124,21,407,411,307,44,43
EMEA,crashies,FNC,https://www.vlr.gg/player/4/crashies,,364,1.05,172.3,1.09,72%,114.1,0.63,0.32,0.05,0.05,28%,10%,5/52,24,228,210,117,20,17
EMEA,Jamppi,VIT,https://www.vlr.gg/player/9780/jamppi,,534,1.04,199.3,1.04,75%,125.4,0.69,0.40,0.08,0.08,27%,16%,9/55,25,370,357,213,45,42
EMEA,kamo,TL,https://www.vlr.gg/player/14681/kamo,,362,1.04,220.8,1.09,72%,147.5,0.78,0.25,0.13,0.09,31%,10%,2/21,23,281,257,89,48,32
EMEA,benjyfishy,TH,https://www.vlr.gg/player/29873/benjyfishy,(+1),682,1.04,189.0,1.08,75%,124.9,0.69,0.27,0.06,0.07,31%,22%,14/63,25,473,440,187,44,51
EMEA,MiniBoo,TL,https://www.vlr.gg/player/18350/miniboo,,362,1.03,213.5,1.10,67%,135.0,0.77,0.14,0.17,0.17,28%,24%,7/29,22,278,253,49,60,63
EMEA,Chronicle,VIT,https://www.vlr.gg/player/458/chronicle,(+2),534,1.03,201.5,1.11,72%,138.0,0.71,0.23,0.10,0.11,23%,11%,8/71,27,377,340,121,51,57
EMEA,Derke,VIT,https://www.vlr.gg/player/5022/derke,,534,1.02,219.7,1.09,72%,137.0,0.77,0.22,0.18,0.15,21%,20%,7/35,27,411,378,119,94,82
EMEA,s0pp,FUT,https://www.vlr.gg/player/39357/s0pp,,497,1.02,227.8,1.04,73%,147.4,0.80,0.24,0.23,0.16,24%,14%,5/36,31,397,382,120,113,80
EMEA,audaz,EF,https://www.vlr.gg/player/40843/audaz,,503,1.02,179.6,0.97,76%,117.6,0.64,0.39,0.06,0.05,35%,16%,12/77,19,323,332,194,28,24
EMEA,echo,EF,https://www.vlr.gg/player/49346/echo,,503,1.01,213.4,1.06,70%,138.3,0.77,0.20,0.13,0.12,33%,11%,5/45,25,385,363,103,64,62
EMEA,PROFEK,VIT,https://www.vlr.gg/player/5554/profek,(+1),534,1.01,181.0,0.98,73%,122.9,0.63,0.36,0.09,0.05,23%,15%,10/68,25,337,344,191,48,28
EMEA,dos9,KC,https://www.vlr.gg/player/16215/dos9,(+1),273,1.01,190.5,1.02,69%,117.0,0.68,0.30,0.07,0.08,25%,16%,5/31,28,187,184,82,19,21
EMEA,sociablEE,FUT,https://www.vlr.gg/player/5568/sociablee,,497,1.01,190.9,0.94,71%,124.0,0.65,0.46,0.07,0.09,26%,8%,6/73,24,323,344,230,35,46
EMEA,koshmaras,TH,https://www.vlr.gg/player/23365/koshmaras,,616,1.01,225.1,1.04,73%,138.5,0.76,0.26,0.18,0.16,18%,8%,4/49,30,471,454,158,108,96
EMEA,CyvOph,FNC,https://www.vlr.gg/player/13258/cyvoph,,145,1.00,200.9,1.02,72%,134.2,0.68,0.36,0.07,0.09,30%,8%,1/12,18,98,96,52,10,13
EMEA,GLYPH,M8,https://www.vlr.gg/player/8286/glyph,,351,1.00,184.3,0.92,76%,117.0,0.64,0.44,0.06,0.05,24%,21%,10/48,24,226,245,155,20,16
EMEA,Filu,NAVI,https://www.vlr.gg/player/4544/filu,(+3),281,1.00,190.8,1.01,69%,128.2,0.67,0.21,0.12,0.12,30%,16%,4/25,20,188,187,59,33,33
EMEA,nekky,EF,https://www.vlr.gg/player/12670/nekky,(+2),503,0.98,191.3,0.99,71%,127.6,0.68,0.27,0.06,0.06,27%,24%,14/58,25,344,346,134,28,30
EMEA,Boaster,FNC,https://www.vlr.gg/player/438/boaster,(+1),364,0.98,165.1,0.90,73%,106.8,0.55,0.43,0.06,0.07,28%,10%,3/30,17,201,223,157,22,24
EMEA,Crewen,BBL,https://www.vlr.gg/player/12795/crewen,,292,0.98,199.2,0.93,62%,132.0,0.68,0.21,0.08,0.09,35%,5%,2/41,23,200,216,61,23,25
EMEA,nAts,TL,https://www.vlr.gg/player/457/nats,,362,0.98,202.1,1.02,69%,138.2,0.71,0.20,0.10,0.10,22%,9%,4/45,22,257,251,71,36,37
EMEA,NINJA,PCF,https://www.vlr.gg/player/28948/ninja,,261,0.97,174.3,0.98,71%,117.2,0.65,0.16,0.05,0.07,32%,12%,5/41,21,169,173,43,12,17
EMEA,LewN,KC,https://www.vlr.gg/player/20144/lewn,(+2),273,0.97,212.2,0.99,70%,140.8,0.75,0.19,0.15,0.14,36%,5%,1/21,24,205,208,53,42,38
EMEA,Izzy,EF,https://www.vlr.gg/player/10160/izzy,,503,0.96,198.7,1.00,68%,125.4,0.70,0.16,0.16,0.18,24%,7%,4/54,22,352,351,82,78,91
EMEA,westside,GX,https://www.vlr.gg/player/34684/westside,(+3),278,0.95,196.1,0.99,72%,129.8,0.71,0.21,0.13,0.14,40%,17%,4/24,22,198,199,58,35,39
EMEA,grubinho,GX,https://www.vlr.gg/player/5550/grubinho,,278,0.95,170.3,0.89,74%,112.9,0.61,0.37,0.05,0.05,27%,20%,8/41,19,169,189,102,15,15
EMEA,SUYGETSU,KC,https://www.vlr.gg/player/2858/suygetsu,(+1),273,0.95,180.1,0.95,69%,118.6,0.63,0.21,0.08,0.10,29%,11%,5/46,18,172,182,57,22,26
EMEA,al0rante,PCF,https://www.vlr.gg/player/5292/al0rante,,261,0.94,186.2,0.97,66%,127.0,0.69,0.18,0.10,0.10,43%,,0/29,25,179,185,47,26,26
EMEA,chloric,NAVI,https://www.vlr.gg/player/15639/chloric,(+1),281,0.94,168.2,0.92,72%,112.5,0.58,0.28,0.05,0.08,20%,6%,2/34,20,164,179,78,14,23
EMEA,xeus,FUT,https://www.vlr.gg/player/12793/xeus,(+2),497,0.94,205.4,1.00,70%,135.7,0.74,0.18,0.10,0.11,35%,13%,3/24,30,370,371,89,51,54
EMEA,Lar0k,BBL,https://www.vlr.gg/player/31305/lar0k,(+2),292,0.93,193.1,0.94,68%,125.3,0.66,0.24,0.09,0.12,25%,17%,4/24,25,193,206,69,26,36
EMEA,wayne,TL,https://www.vlr.gg/player/24628/wayne,,362,0.93,170.9,0.86,74%,110.9,0.58,0.38,0.06,0.07,32%,4%,2/46,20,209,243,136,21,24
EMEA,lovers rock,BBL,https://www.vlr.gg/player/40935/lovers-rock,,292,0.91,191.2,0.90,62%,125.5,0.66,0.12,0.14,0.15,19%,20%,4/20,21,194,215,36,40,43
EMEA,KROSTALY,FUT,https://www.vlr.gg/player/15735/krostaly,(+1),497,0.90,167.3,0.86,71%,110.9,0.58,0.36,0.06,0.06,28%,17%,9/54,21,290,338,177,28,31
EMEA,ComeBack,NAVI,https://www.vlr.gg/player/40591/comeback,,218,0.90,195.2,0.97,66%,127.8,0.70,0.11,0.18,0.13,24%,23%,5/22,20,152,157,24,39,29
EMEA,seven,PCF,https://www.vlr.gg/player/8376/seven,(+4),261,0.89,195.6,0.87,68%,132.6,0.65,0.21,0.15,0.18,21%,27%,3/11,24,169,194,55,38,48
EMEA,N4RRATE,KC,https://www.vlr.gg/player/36245/n4rrate,(+1),273,0.89,183.0,0.85,74%,123.4,0.60,0.32,0.07,0.08,28%,8%,3/40,23,165,194,88,20,22
EMEA,Loita,BBL,https://www.vlr.gg/player/24344/loita,,292,0.88,160.0,0.76,68%,106.0,0.54,0.43,0.06,0.11,33%,15%,7/46,21,158,209,126,18,32
EMEA,Cloud,GX,https://www.vlr.gg/player/4181/cloud,(+1),278,0.88,172.2,0.84,75%,117.8,0.59,0.31,0.08,0.07,26%,3%,1/32,17,164,195,87,23,20
EMEA,starxo,M8,https://www.vlr.gg/player/565/starxo,,351,0.87,181.5,0.83,70%,118.9,0.62,0.35,0.08,0.09,25%,17%,6/35,24,216,260,122,29,33
EMEA,qpert,PCF,https://www.vlr.gg/player/7105/qpert,,261,0.87,159.0,0.82,75%,105.9,0.56,0.36,0.05,0.05,28%,7%,3/46,18,146,179,93,12,13
EMEA,cNed,PCF,https://www.vlr.gg/player/573/cned,(+1),261,0.87,183.3,0.89,63%,121.8,0.66,0.14,0.11,0.15,29%,14%,3/22,20,171,192,36,30,39
EMEA,Rosé,BBL,https://www.vlr.gg/player/5565/ros,(+1),292,0.84,159.7,0.81,63%,112.9,0.57,0.24,0.07,0.10,28%,9%,3/35,24,166,204,70,19,30
EMEA,Desmo,FNC,https://www.vlr.gg/player/195/desmo,,58,0.83,166.0,0.83,72%,98.2,0.59,0.38,0.07,0.16,42%,33%,1/3,14,34,41,22,4,9
EMEA,Avez,KC,https://www.vlr.gg/player/5654/avez,(+3),273,0.76,157.3,0.73,66%,102.7,0.55,0.32,0.09,0.14,31%,5%,1/21,16,150,205,86,24,39
EMEA,bipo,M8,https://www.vlr.gg/player/18400/bipo,,351,0.76,175.0,0.79,66%,110.2,0.60,0.19,0.13,0.17,20%,7%,2/27,20,212,270,68,45,60
EMEA,Kolosha,NAVI,https://www.vlr.gg/player/37925/kolosha,,129,0.65,156.7,0.63,62%,108.0,0.50,0.27,0.12,0.21,23%,,0/5,13,64,102,35,15,27
Americas,Neon,LEV,https://www.vlr.gg/player/29243/neon,(+1),543,1.25,226.6,1.45,77%,147.1,0.83,0.27,0.13,0.09,25%,15%,11/72,25,448,309,145,69,49
Americas,brawk,NRG,https://www.vlr.gg/player/2172/brawk,(+1),489,1.24,225.4,1.28,79%,146.5,0.77,0.41,0.07,0.04,18%,13%,10/79,26,375,294,199,35,19
Americas,Less,KRÜ,https://www.vlr.gg/player/8447/less,,335,1.21,237.4,1.35,72%,155.6,0.86,0.24,0.12,0.09,28%,9%,5/54,27,287,213,82,41,31
Americas,cortezia,SEN,https://www.vlr.gg/player/5395/cortezia,(+2),274,1.15,209.3,1.21,72%,139.0,0.76,0.20,0.12,0.09,29%,14%,5/37,35,208,172,56,32,25
Americas,trent,G2,https://www.vlr.gg/player/15500/trent,,608,1.15,202.1,1.12,77%,137.2,0.70,0.34,0.06,0.05,31%,18%,15/85,24,426,380,209,34,32
Americas,erde,LOUD,https://www.vlr.gg/player/29242/erde,(+1),159,1.13,212.6,1.10,73%,139.1,0.76,0.31,0.09,0.10,26%,24%,4/17,27,121,110,49,14,16
Americas,saadhak,KRÜ,https://www.vlr.gg/player/727/saadhak,,335,1.11,211.2,1.11,71%,135.2,0.74,0.38,0.11,0.11,24%,14%,5/35,22,248,224,127,38,37
Americas,keiko,NRG,https://www.vlr.gg/player/11494/keiko,(+1),489,1.09,218.3,1.12,72%,143.6,0.76,0.26,0.12,0.11,30%,21%,8/38,24,374,335,125,58,52
Americas,aspas,MIBR,https://www.vlr.gg/player/8480/aspas,,323,1.09,212.3,1.11,72%,141.7,0.76,0.16,0.14,0.08,25%,10%,3/31,25,246,221,51,45,25
Americas,mwzera,KRÜ,https://www.vlr.gg/player/939/mwzera,,335,1.09,199.6,1.07,76%,133.9,0.69,0.31,0.06,0.03,21%,16%,7/44,20,232,216,105,19,10
Americas,valyn,G2,https://www.vlr.gg/player/3885/valyn,(+1),608,1.08,198.9,1.11,74%,126.6,0.72,0.37,0.08,0.08,26%,20%,14/70,22,440,398,224,49,50
Americas,bang,100T,https://www.vlr.gg/player/3880/bang,(+2),440,1.08,188.5,1.07,75%,117.6,0.69,0.41,0.06,0.05,33%,23%,12/52,28,303,284,179,25,22
Americas,lukxo,LOUD,https://www.vlr.gg/player/28716/lukxo,(+1),311,1.07,214.3,1.07,67%,141.7,0.77,0.27,0.14,0.12,25%,20%,8/41,24,238,223,85,42,37
Americas,Rossy,ENVY,https://www.vlr.gg/player/1129/rossy,(+3),231,1.07,204.4,1.01,72%,135.5,0.72,0.32,0.04,0.07,28%,13%,7/52,22,166,164,73,9,16
Americas,artzin,FUR,https://www.vlr.gg/player/5957/artzin,(+3),360,1.07,210.5,1.10,71%,142.5,0.76,0.23,0.07,0.08,24%,15%,8/54,26,273,248,84,26,27
Americas,BABYBAY,G2,https://www.vlr.gg/player/2170/babybay,,608,1.07,212.4,1.08,76%,139.1,0.74,0.28,0.10,0.07,22%,8%,6/73,27,448,413,168,63,45
Americas,Cryocells,100T,https://www.vlr.gg/player/4147/cryocells,(+1),440,1.07,203.2,1.16,71%,132.5,0.75,0.23,0.09,0.08,22%,13%,9/70,30,329,284,99,39,36
Americas,blowz,LEV,https://www.vlr.gg/player/21251/blowz,(+1),543,1.06,181.0,1.09,78%,125.1,0.62,0.36,0.05,0.03,31%,17%,11/65,25,338,309,194,27,17
Americas,Sato,LEV,https://www.vlr.gg/player/21659/sato,(+1),543,1.06,223.6,1.09,74%,144.9,0.78,0.34,0.14,0.09,34%,7%,2/29,22,422,386,182,75,51
Americas,Reduxx,SEN,https://www.vlr.gg/player/8419/reduxx,,274,1.06,218.3,1.06,71%,139.6,0.78,0.24,0.09,0.07,27%,7%,2/30,26,213,201,65,26,20
Americas,OXY,C9,https://www.vlr.gg/player/18796/oxy,,253,1.05,237.6,1.04,70%,149.4,0.83,0.19,0.16,0.21,24%,10%,1/10,27,211,203,48,40,53
Americas,dgzin,EG,https://www.vlr.gg/player/8873/dgzin,,259,1.03,223.8,1.08,68%,143.6,0.83,0.11,0.18,0.20,36%,17%,4/23,30,216,200,29,46,52
Americas,Asuna,100T,https://www.vlr.gg/player/601/asuna,(+3),440,1.03,207.9,1.01,74%,135.1,0.71,0.34,0.11,0.13,20%,15%,5/34,29,313,309,148,50,57
Americas,Notexxd,C9,https://www.vlr.gg/player/39021/notexxd,,41,1.02,196.0,1.00,80%,122.7,0.71,0.39,0.05,0.05,23%,40%,2/5,17,29,29,16,2,2
Americas,zekken,MIBR,https://www.vlr.gg/player/4004/zekken,,323,1.02,227.5,1.05,68%,139.0,0.79,0.20,0.17,0.15,20%,10%,2/20,28,256,244,64,54,49
Americas,Verno,MIBR,https://www.vlr.gg/player/21668/verno,,323,1.02,178.5,0.98,72%,120.0,0.63,0.33,0.06,0.07,28%,12%,5/42,23,202,207,106,20,22
Americas,kiNgg,LEV,https://www.vlr.gg/player/8549/kingg,(+2),543,1.01,174.5,1.10,78%,112.1,0.62,0.32,0.06,0.04,27%,7%,5/74,24,339,309,175,34,21
Americas,Timotino,100T,https://www.vlr.gg/player/29893/timotino,(+2),440,1.01,224.9,1.02,68%,145.3,0.77,0.25,0.19,0.18,23%,20%,6/30,29,339,332,112,84,80
Americas,leaf,G2,https://www.vlr.gg/player/7873/leaf,(+2),608,1.01,200.9,1.01,71%,133.9,0.71,0.33,0.10,0.13,24%,20%,12/61,24,429,424,202,59,79
Americas,Ethan,NRG,https://www.vlr.gg/player/11225/ethan,(+2),489,1.00,188.0,0.93,74%,123.4,0.63,0.39,0.08,0.07,24%,9%,3/33,23,307,329,191,39,33
Americas,mada,NRG,https://www.vlr.gg/player/5132/mada,(+2),489,0.99,202.8,1.03,70%,127.4,0.73,0.24,0.17,0.18,22%,25%,10/40,22,356,347,117,81,90
Americas,v1c,C9,https://www.vlr.gg/player/17433/v1c,,212,0.99,170.3,0.91,74%,120.4,0.61,0.41,0.07,0.09,31%,22%,7/32,21,129,142,86,15,19
Americas,Demon1,ENVY,https://www.vlr.gg/player/26171/demon1,(+4),231,0.99,197.3,1.04,67%,129.6,0.75,0.18,0.10,0.13,46%,32%,9/28,20,173,167,42,24,29
Americas,Paincakes,EG,https://www.vlr.gg/player/2164/paincakes,,67,0.98,183.0,0.86,69%,120.7,0.63,0.39,0.00,0.07,30%,8%,1/13,16,42,49,26,0,5
Americas,Darker,LOUD,https://www.vlr.gg/player/10557/darker,(+4),311,0.98,203.5,0.92,71%,134.5,0.70,0.32,0.07,0.07,25%,2%,1/44,28,218,236,98,23,22
Americas,keznit,ENVY,https://www.vlr.gg/player/2462/keznit,(+2),231,0.97,222.9,1.03,69%,143.3,0.78,0.19,0.16,0.12,21%,42%,8/19,25,180,175,45,37,28
Americas,cauanzin,LOUD,https://www.vlr.gg/player/6193/cauanzin,,311,0.96,170.6,0.88,69%,117.0,0.59,0.30,0.06,0.06,20%,17%,8/46,22,185,211,92,20,18
Americas,zerona,EG,https://www.vlr.gg/player/14048/zerona,,67,0.96,218.3,0.94,72%,143.0,0.73,0.22,0.12,0.06,27%,,0/8,18,49,52,15,8,4
Americas,eeiu,FUR,https://www.vlr.gg/player/796/eeiu,,360,0.95,179.4,0.93,65%,120.1,0.65,0.24,0.08,0.04,27%,7%,4/60,21,234,251,85,29,16
Americas,johnqt,SEN,https://www.vlr.gg/player/1265/johnqt,(+2),274,0.95,167.3,0.91,66%,110.1,0.58,0.30,0.02,0.06,24%,7%,3/44,21,160,176,83,6,17
Americas,penny,C9,https://www.vlr.gg/player/7716/penny,(+2),153,0.94,193.3,1.00,68%,124.8,0.67,0.24,0.09,0.09,19%,,0/19,29,103,103,37,14,14
Americas,jawgemo,G2,https://www.vlr.gg/player/3993/jawgemo,,608,0.94,209.1,0.98,69%,135.6,0.73,0.24,0.15,0.17,19%,16%,5/31,25,443,450,145,91,106
Americas,Mazino,MIBR,https://www.vlr.gg/player/7603/mazino,(+1),323,0.94,186.5,0.90,70%,121.7,0.63,0.46,0.07,0.10,22%,11%,3/28,20,205,229,147,22,32
Americas,spike,LEV,https://www.vlr.gg/player/21661/spike,,543,0.93,230.3,1.03,72%,143.4,0.80,0.24,0.20,0.17,23%,24%,4/17,25,432,419,133,108,92
Americas,vora,100T,https://www.vlr.gg/player/20140/vora,,440,0.92,166.8,0.91,73%,116.4,0.58,0.32,0.05,0.06,25%,21%,11/53,25,256,282,142,20,28
Americas,nerve,FUR,https://www.vlr.gg/player/754/nerve,(+1),360,0.92,169.5,0.89,71%,115.3,0.59,0.30,0.04,0.07,28%,12%,6/49,19,212,237,107,13,26
Americas,alym,FUR,https://www.vlr.gg/player/48025/alym,,360,0.91,212.2,0.97,67%,133.4,0.75,0.22,0.17,0.21,20%,27%,3/11,24,269,277,78,60,75
Americas,Jackk,C9,https://www.vlr.gg/player/44842/jackk,,100,0.90,166.4,0.83,73%,117.4,0.58,0.34,0.03,0.07,29%,10%,2/20,17,58,70,34,3,7
Americas,skuba,NRG,https://www.vlr.gg/player/11118/skuba,(+1),489,0.90,168.6,0.92,72%,111.6,0.61,0.24,0.08,0.09,23%,9%,5/55,20,296,322,119,40,42
Americas,P0PPIN,ENVY,https://www.vlr.gg/player/21778/p0ppin,,231,0.89,180.6,0.81,67%,117.2,0.61,0.33,0.04,0.11,18%,19%,5/26,19,140,172,77,9,25
Americas,supamen,EG,https://www.vlr.gg/player/826/supamen,(+1),259,0.88,172.0,0.85,68%,116.8,0.62,0.25,0.08,0.09,34%,12%,4/34,29,161,190,64,20,24
Americas,JonahP,SEN,https://www.vlr.gg/player/4581/jonahp,,274,0.88,178.5,0.85,70%,125.7,0.59,0.27,0.06,0.10,23%,13%,4/30,25,162,191,73,16,28
Americas,Xeppaa,C9,https://www.vlr.gg/player/7871/xeppaa,(+2),253,0.88,186.3,0.81,69%,126.1,0.62,0.32,0.06,0.09,24%,9%,3/33,20,158,196,82,14,22
Americas,silentzz,KRÜ,https://www.vlr.gg/player/11921/silentzz,(+1),335,0.88,170.8,0.87,70%,113.6,0.60,0.25,0.09,0.05,27%,11%,4/37,16,201,232,83,29,18
Americas,tex,MIBR,https://www.vlr.gg/player/1818/tex,(+2),323,0.86,166.8,0.85,66%,116.1,0.59,0.22,0.08,0.09,34%,9%,5/55,25,189,223,71,25,28
Americas,bao,EG,https://www.vlr.gg/player/34400/bao,(+2),259,0.86,180.7,0.79,68%,121.3,0.60,0.28,0.08,0.10,31%,7%,2/29,18,155,195,72,22,26
Americas,Okeanos,EG,https://www.vlr.gg/player/8373/okeanos,(+2),192,0.85,175.3,0.77,64%,120.7,0.60,0.25,0.06,0.10,36%,11%,2/18,20,116,151,48,11,19
Americas,koalanoob,FUR,https://www.vlr.gg/player/3722/koalanoob,(+2),360,0.84,181.6,0.82,68%,120.4,0.63,0.28,0.13,0.12,23%,3%,1/30,21,225,273,101,45,43
Americas,Zellsis,C9,https://www.vlr.gg/player/729/zellsis,(+2),253,0.83,167.0,0.79,69%,115.3,0.57,0.31,0.09,0.10,19%,9%,3/32,23,145,184,79,22,25
Americas,Jerrwin,SEN,https://www.vlr.gg/player/34057/jerrwin,,231,0.82,196.0,0.88,65%,124.0,0.68,0.17,0.18,0.19,17%,,0/5,26,157,178,39,42,43
Americas,Virtyy,LOUD,https://www.vlr.gg/player/3983/virtyy,,311,0.81,182.3,0.79,67%,118.0,0.61,0.16,0.14,0.17,20%,4%,1/23,18,190,242,49,45,52
Americas,Dantedeu5,KRÜ,https://www.vlr.gg/player/41135/dantedeu5,,335,0.81,185.9,0.84,68%,117.8,0.64,0.25,0.16,0.18,23%,,0/10,19,216,257,83,53,59
Americas,C0M,EG,https://www.vlr.gg/player/619/c0m,,192,0.76,152.4,0.67,65%,106.0,0.47,0.29,0.04,0.07,21%,6%,2/34,13,90,134,55,8,14
Americas,Eggsterr,ENVY,https://www.vlr.gg/player/35302/eggsterr,(+3),231,0.72,174.4,0.71,66%,107.5,0.57,0.27,0.13,0.11,30%,,0/19,19,132,187,63,29,26
Americas,Victor,SEN,https://www.vlr.gg/player/261/victor,,43,0.70,192.0,0.76,56%,121.0,0.65,0.12,0.23,0.21,11%,,0/3,16,28,37,5,10,9
Americas,Bati,LOUD,https://www.vlr.gg/player/5203/bati,,152,0.70,140.0,0.61,66%,89.9,0.46,0.45,0.03,0.11,20%,,0/17,13,70,115,68,5,17
Pacific,primmie,FS,https://www.vlr.gg/player/25255/primmie,(+1),442,1.24,265.4,1.31,74%,166.7,0.92,0.23,0.20,0.14,30%,23%,9/39,25,408,312,100,89,63
Pacific,something,PRX,https://www.vlr.gg/player/17086/something,(+1),564,1.22,235.9,1.40,74%,152.5,0.86,0.16,0.18,0.10,24%,14%,8/56,28,486,347,93,100,59
Pacific,Jemkin,RRQ,https://www.vlr.gg/player/24895/jemkin,(+3),469,1.19,226.0,1.30,71%,146.4,0.83,0.16,0.16,0.14,29%,23%,13/56,32,387,297,75,74,65
Pacific,Jinggg,PRX,https://www.vlr.gg/player/7378/jinggg,(+1),564,1.18,239.6,1.25,77%,155.9,0.84,0.31,0.13,0.09,26%,18%,8/44,36,471,376,176,73,52
Pacific,Meiy,DFM,https://www.vlr.gg/player/6672/meiy,(+1),357,1.17,249.9,1.21,75%,156.0,0.89,0.17,0.20,0.11,27%,14%,5/35,36,318,263,61,72,40
Pacific,iZu,T1,https://www.vlr.gg/player/29833/izu,(+2),400,1.17,215.2,1.33,72%,141.9,0.80,0.14,0.12,0.09,24%,18%,11/62,27,319,239,55,47,34
Pacific,oonzmlp,VL,https://www.vlr.gg/player/34926/oonzmlp,(+4),275,1.16,229.1,1.19,71%,151.0,0.81,0.25,0.13,0.10,32%,10%,4/40,29,222,186,69,35,28
Pacific,MaKo,KRX,https://www.vlr.gg/player/4462/mako,(+1),435,1.14,204.8,1.12,77%,137.7,0.72,0.40,0.09,0.07,29%,15%,10/68,28,312,279,174,39,30
Pacific,t3xture,GEN,https://www.vlr.gg/player/9196/t3xture,(+1),282,1.10,230.8,1.10,73%,149.9,0.81,0.20,0.18,0.16,23%,7%,2/30,32,228,208,57,50,45
Pacific,xffero,RRQ,https://www.vlr.gg/player/4871/xffero,(+3),469,1.10,211.4,1.13,72%,141.9,0.74,0.25,0.09,0.06,25%,11%,8/75,26,345,305,117,42,30
Pacific,BuZz,T1,https://www.vlr.gg/player/804/buzz,,400,1.09,243.3,1.21,72%,147.5,0.87,0.22,0.18,0.15,22%,15%,2/13,27,348,288,87,73,60
Pacific,Sylvan,TS,https://www.vlr.gg/player/4056/sylvan,,269,1.09,210.0,1.07,76%,135.9,0.76,0.38,0.06,0.06,31%,11%,5/44,23,204,191,102,17,16
Pacific,HYUNMIN,KRX,https://www.vlr.gg/player/28400/hyunmin,(+1),435,1.08,221.1,1.08,70%,153.0,0.80,0.18,0.10,0.12,28%,13%,6/46,36,347,320,79,43,51
Pacific,PatMen,GE,https://www.vlr.gg/player/13744/patmen,(+3),441,1.08,228.0,1.08,71%,147.8,0.80,0.24,0.11,0.09,35%,9%,5/55,31,354,327,106,50,38
Pacific,invy,PRX,https://www.vlr.gg/player/8504/invy,(+1),564,1.07,192.2,1.05,77%,132.9,0.68,0.41,0.08,0.05,27%,18%,11/61,34,381,364,229,44,28
Pacific,Killua,FS,https://www.vlr.gg/player/13784/killua,,442,1.06,200.1,1.07,77%,129.5,0.71,0.38,0.06,0.07,32%,16%,9/56,25,312,291,167,28,30
Pacific,kellyS,TS,https://www.vlr.gg/player/7437/kellys,(+1),269,1.05,211.6,1.03,76%,143.2,0.73,0.33,0.10,0.07,24%,18%,8/44,28,197,191,89,27,20
Pacific,f0rsakeN,PRX,https://www.vlr.gg/player/9801/f0rsaken,(+1),564,1.04,210.4,1.07,76%,137.1,0.75,0.39,0.10,0.09,24%,15%,6/40,27,423,396,222,55,48
Pacific,Xross,NS,https://www.vlr.gg/player/42772/xross,(+1),375,1.04,198.6,1.02,72%,133.7,0.69,0.29,0.04,0.05,24%,7%,4/55,22,257,251,107,14,18
Pacific,Autumn,GE,https://www.vlr.gg/player/872/autumn,(+6),441,1.04,204.1,1.05,72%,132.9,0.73,0.21,0.12,0.12,31%,14%,8/58,25,323,309,91,55,52
Pacific,Absol,ZETA,https://www.vlr.gg/player/34776/absol,,269,1.03,228.6,1.06,66%,147.4,0.80,0.21,0.12,0.17,21%,17%,5/29,26,214,202,56,33,45
Pacific,d4v41,PRX,https://www.vlr.gg/player/9803/d4v41,(+1),564,1.02,201.9,1.06,72%,136.0,0.71,0.23,0.10,0.08,26%,17%,13/76,30,399,377,130,58,47
Pacific,Karon,GEN,https://www.vlr.gg/player/34974/karon,(+1),282,1.02,196.8,1.03,72%,131.7,0.72,0.27,0.07,0.07,28%,17%,9/54,30,203,198,75,20,21
Pacific,stax,T1,https://www.vlr.gg/player/485/stax,(+1),400,1.02,185.8,1.04,75%,121.4,0.66,0.34,0.07,0.04,28%,27%,12/44,22,262,252,137,29,15
Pacific,JitBoyS,FS,https://www.vlr.gg/player/13788/jitboys,(+1),442,1.01,211.0,1.07,71%,136.8,0.75,0.20,0.12,0.13,24%,19%,5/27,26,333,312,88,53,58
Pacific,XuNa,VL,https://www.vlr.gg/player/42733/xuna,(+2),275,1.00,189.6,0.96,69%,130.7,0.67,0.24,0.07,0.03,34%,9%,5/56,24,183,190,66,18,9
Pacific,Ash,GEN,https://www.vlr.gg/player/25017/ash,(+2),244,1.00,196.0,0.94,69%,131.9,0.68,0.30,0.13,0.14,27%,25%,6/24,25,166,177,73,31,33
Pacific,Leviathan,FS,https://www.vlr.gg/player/27254/leviathan,(+2),442,0.99,178.4,1.03,70%,120.5,0.67,0.27,0.05,0.07,39%,20%,13/64,25,294,285,119,22,33
Pacific,Meteor,T1,https://www.vlr.gg/player/13039/meteor,,400,0.98,201.1,1.00,72%,135.8,0.68,0.26,0.11,0.11,29%,7%,2/30,20,270,271,102,42,44
Pacific,BeYN,KRX,https://www.vlr.gg/player/4678/beyn,(+2),435,0.97,171.9,0.91,72%,112.7,0.60,0.34,0.06,0.07,27%,15%,8/55,24,260,286,146,28,32
Pacific,Dambi,NS,https://www.vlr.gg/player/31827/dambi,,375,0.97,211.8,0.94,69%,138.1,0.73,0.27,0.15,0.13,24%,18%,3/17,24,273,290,101,55,49
Pacific,UdoTan,GE,https://www.vlr.gg/player/4428/udotan,(+1),441,0.97,204.6,1.01,73%,133.6,0.73,0.22,0.13,0.15,24%,14%,4/28,23,321,319,97,59,67
Pacific,crazyguy,RRQ,https://www.vlr.gg/player/1430/crazyguy,(+2),469,0.96,180.5,0.91,70%,116.3,0.60,0.45,0.06,0.10,23%,13%,6/46,20,283,312,211,30,49
Pacific,Caedye,DFM,https://www.vlr.gg/player/29841/caedye,(+5),357,0.96,210.8,1.00,68%,132.4,0.72,0.20,0.11,0.09,27%,14%,4/29,23,258,258,73,40,33
Pacific,Lakia,GEN,https://www.vlr.gg/player/773/lakia,,282,0.96,187.2,0.88,76%,122.6,0.65,0.37,0.05,0.05,24%,13%,5/40,26,184,209,105,13,13
Pacific,Munchkin,T1,https://www.vlr.gg/player/2489/munchkin,(+1),400,0.96,170.7,0.92,73%,109.9,0.59,0.45,0.04,0.10,19%,17%,9/54,20,237,257,181,15,41
Pacific,Zeus,TS,https://www.vlr.gg/player/46135/zeus,,128,0.96,230.7,0.95,77%,152.6,0.77,0.29,0.21,0.23,22%,,0/3,25,99,104,37,27,29
Pacific,Francis,NS,https://www.vlr.gg/player/31828/francis,(+1),375,0.94,215.1,0.96,69%,135.5,0.75,0.25,0.12,0.16,17%,19%,5/26,26,281,294,92,46,60
Pacific,Kr1stal,GE,https://www.vlr.gg/player/5796/kr1stal,(+2),441,0.94,185.6,0.91,69%,123.9,0.63,0.22,0.07,0.06,26%,19%,11/57,21,278,307,96,32,28
Pacific,Kushy,RRQ,https://www.vlr.gg/player/4866/kushy,,469,0.93,166.2,0.86,75%,113.4,0.58,0.35,0.04,0.06,33%,12%,6/49,26,274,317,162,21,28
Pacific,SyouTa,ZETA,https://www.vlr.gg/player/12990/syouta,(+2),269,0.93,193.6,0.97,72%,125.4,0.69,0.17,0.12,0.11,35%,11%,5/45,19,186,192,45,31,30
Pacific,Rb,NS,https://www.vlr.gg/player/488/rb,(+1),375,0.92,157.1,0.86,70%,102.5,0.55,0.41,0.04,0.08,24%,20%,11/56,20,208,243,153,16,30
Pacific,BerserX,TS,https://www.vlr.gg/player/4874/berserx,(+1),269,0.92,171.4,0.87,74%,119.0,0.59,0.24,0.07,0.08,22%,7%,3/42,24,159,183,64,19,21
Pacific,Akame,DFM,https://www.vlr.gg/player/13002/akame,(+3),357,0.91,205.3,0.94,68%,129.7,0.71,0.22,0.11,0.17,23%,21%,7/34,25,252,267,78,39,62
Pacific,xavi8k,GE,https://www.vlr.gg/player/7754/xavi8k,(+4),441,0.91,167.1,0.84,68%,111.9,0.58,0.35,0.05,0.09,22%,13%,6/47,26,254,301,153,22,38
Pacific,Ivy,NS,https://www.vlr.gg/player/31829/ivy,(+2),375,0.91,185.4,0.92,65%,121.9,0.65,0.17,0.10,0.13,33%,14%,9/63,23,243,265,63,39,48
Pacific,SSeeS,DFM,https://www.vlr.gg/player/21438/ssees,(+2),357,0.90,164.1,0.80,73%,107.3,0.54,0.45,0.04,0.07,26%,8%,4/49,18,194,244,160,16,26
Pacific,Monyet,RRQ,https://www.vlr.gg/player/8497/monyet,,469,0.89,197.0,0.90,70%,124.3,0.68,0.28,0.13,0.15,25%,21%,6/28,29,318,354,132,60,70
Pacific,Crws,FS,https://www.vlr.gg/player/3977/crws,(+4),442,0.89,163.4,0.85,73%,111.3,0.56,0.36,0.06,0.08,23%,21%,10/48,18,246,291,158,28,37
Pacific,yong,KRX,https://www.vlr.gg/player/51238/yong,(+2),393,0.89,184.8,0.93,69%,127.8,0.66,0.20,0.11,0.12,29%,9%,4/43,33,260,280,80,43,46
Pacific,yatsuka,DFM,https://www.vlr.gg/player/29843/yatsuka,(+3),357,0.89,152.8,0.82,69%,100.9,0.54,0.31,0.04,0.04,38%,14%,9/63,19,194,238,112,16,13
Pacific,free1ng,KRX,https://www.vlr.gg/player/1916/free1ng,(+2),435,0.88,190.6,0.96,69%,121.0,0.68,0.15,0.12,0.15,22%,13%,3/23,21,296,308,66,51,67
Pacific,SugarZ3ro,ZETA,https://www.vlr.gg/player/6668/sugarz3ro,(+1),269,0.87,171.5,0.80,69%,110.1,0.59,0.37,0.07,0.09,30%,9%,2/23,20,159,199,99,20,23
Pacific,eKo,ZETA,https://www.vlr.gg/player/1960/eko,(+3),269,0.87,174.4,0.80,67%,121.5,0.61,0.28,0.10,0.12,27%,6%,2/32,21,163,204,75,26,32
Pacific,JessieVash,TS,https://www.vlr.gg/player/2334/jessievash,(+1),269,0.86,149.4,0.77,74%,105.6,0.53,0.36,0.04,0.03,25%,20%,5/25,19,143,185,96,11,9
Pacific,Klaus,VL,https://www.vlr.gg/player/4426/klaus,(+4),275,0.85,172.3,0.88,64%,114.2,0.63,0.15,0.12,0.14,31%,16%,3/19,31,174,198,41,33,39
Pacific,Xdll,ZETA,https://www.vlr.gg/player/25221/xdll,(+5),269,0.84,160.7,0.77,65%,111.3,0.57,0.19,0.05,0.06,32%,16%,6/37,18,152,198,52,13,16
Pacific,Zexy,VL,https://www.vlr.gg/player/37532/zexy,(+2),275,0.82,191.9,0.85,62%,126.9,0.67,0.18,0.13,0.15,28%,21%,5/24,26,183,216,49,37,41
Pacific,C1ndeR,VL,https://www.vlr.gg/player/2149/c1nder,(+1),275,0.78,157.0,0.73,68%,97.7,0.54,0.36,0.06,0.07,31%,19%,5/27,24,148,203,98,16,19
Pacific,KiTae,GEN,https://www.vlr.gg/player/62402/kitae,,143,0.72,156.7,0.65,70%,101.3,0.48,0.38,0.08,0.11,28%,9%,1/11,17,69,106,55,11,16
Pacific,Foxy9,GEN,https://www.vlr.gg/player/11600/foxy9,,38,0.72,140.0,0.70,71%,82.2,0.50,0.34,0.05,0.05,27%,33%,2/6,10,19,27,13,2,2
Pacific,ZynX,GEN,https://www.vlr.gg/player/51099/zynx,(+3),139,0.71,168.1,0.70,68%,105.9,0.58,0.25,0.08,0.11,24%,,0/11,21,80,115,35,11,15
Pacific,Hermes,KRX,https://www.vlr.gg/player/17049/hermes,,42,0.69,143.0,0.63,62%,101.3,0.45,0.24,0.05,0.05,25%,,0/4,10,19,30,10,2,2
Pacific,Rimuru,TS,https://www.vlr.gg/player/48439/rimuru,,141,0.67,159.8,0.70,59%,111.2,0.58,0.19,0.19,0.32,30%,,0/4,28,82,117,27,27,45
CN,vo0kashu,DRG,https://www.vlr.gg/player/3741/vo0kashu,(+2),581,1.25,220.2,1.26,74%,148.0,0.81,0.23,0.08,0.06,30%,,,28,470,372,135,46,35
CN,slowly,TYL,https://www.vlr.gg/player/41739/slowly,(+2),517,1.20,216.6,1.21,76%,143.2,0.78,0.34,0.06,0.06,30%,,,28,404,335,178,30,31
CN,Smoggy,EDG,https://www.vlr.gg/player/4742/smoggy,(+2),554,1.20,231.3,1.23,79%,150.0,0.81,0.39,0.11,0.08,28%,,,26,448,365,217,62,47
CN,CHICHOO,EDG,https://www.vlr.gg/player/15559/chichoo,(+1),554,1.19,210.0,1.27,77%,138.3,0.77,0.30,0.07,0.07,30%,,,23,426,335,166,41,41
CN,nephh,BLG,https://www.vlr.gg/player/10698/nephh,(+1),259,1.17,215.9,1.18,76%,128.6,0.76,0.38,0.07,0.07,24%,,,23,198,168,99,18,19
CN,f4ngeer,AG,https://www.vlr.gg/player/21216/f4ngeer,,523,1.17,236.6,1.25,70%,148.5,0.85,0.19,0.15,0.13,32%,,,27,445,357,100,71,61
CN,ZmjjKK,EDG,https://www.vlr.gg/player/3520/zmjjkk,(+2),554,1.16,252.5,1.27,73%,164.9,0.89,0.17,0.21,0.15,23%,,,28,495,389,95,116,82
CN,AAAAY,FPX,https://www.vlr.gg/player/19530/aaaay,(+1),262,1.16,228.4,1.26,76%,147.6,0.84,0.20,0.09,0.05,36%,,,29,219,174,53,22,11
CN,happywei,XLG,https://www.vlr.gg/player/37927/happywei,(+1),639,1.14,232.5,1.19,75%,156.7,0.81,0.27,0.12,0.09,37%,,,29,518,434,172,75,56
CN,Spring,WOL,https://www.vlr.gg/player/14125/spring,(+2),253,1.12,216.7,1.01,71%,145.8,0.74,0.33,0.09,0.10,27%,,,23,186,184,83,23,25
CN,deLb,TE,https://www.vlr.gg/player/10821/delb,(+1),406,1.12,211.2,1.10,73%,138.9,0.76,0.31,0.09,0.09,40%,,,28,307,280,125,34,32
CN,lucas,TEC,https://www.vlr.gg/player/19677/lucas,,425,1.12,205.7,1.12,70%,136.2,0.73,0.30,0.06,0.06,30%,,,25,312,279,128,24,25
CN,zhe,JDG,https://www.vlr.gg/player/49476/zhe,(+1),438,1.10,235.4,1.10,75%,152.1,0.82,0.24,0.15,0.15,24%,,,30,360,326,107,67,64
CN,Lysoar,XLG,https://www.vlr.gg/player/37489/lysoar,(+1),639,1.10,202.4,1.08,77%,132.7,0.71,0.42,0.05,0.05,24%,,,23,455,421,268,35,29
CN,Erv,TYL,https://www.vlr.gg/player/55085/erv,(+2),517,1.09,219.4,1.03,74%,148.2,0.73,0.39,0.11,0.10,29%,,,23,378,366,204,53,49
CN,Shr1mp,AG,https://www.vlr.gg/player/25494/shr1mp,,523,1.09,191.8,1.09,72%,117.4,0.70,0.35,0.06,0.04,25%,,,22,364,334,184,29,21
CN,WsLeo,XLG,https://www.vlr.gg/player/24308/wsleo,(+1),639,1.09,202.4,1.10,77%,132.8,0.70,0.40,0.07,0.05,27%,,,22,450,410,256,42,32
CN,Coco,TEC,https://www.vlr.gg/player/47629/coco,(+3),425,1.07,207.0,1.00,73%,135.8,0.71,0.40,0.08,0.08,30%,,,26,302,302,170,34,35
CN,Knight,BLG,https://www.vlr.gg/player/4774/knight,(+1),259,1.05,184.6,1.00,73%,126.4,0.66,0.29,0.05,0.05,27%,,,19,170,170,74,12,14
CN,Nicc,DRG,https://www.vlr.gg/player/11524/nicc,,581,1.04,187.5,0.97,76%,121.9,0.65,0.43,0.04,0.05,31%,,,19,377,389,252,25,29
CN,Kai,TE,https://www.vlr.gg/player/37494/kai,(+1),406,1.04,219.7,1.06,71%,148.0,0.78,0.16,0.15,0.15,30%,,,26,317,299,65,54,56
CN,splash,TYL,https://www.vlr.gg/player/36685/splash,,517,1.03,242.9,1.07,72%,154.4,0.84,0.21,0.19,0.17,27%,,,27,434,406,107,94,83
CN,SpiritZ1,DRG,https://www.vlr.gg/player/31753/spiritz1,,581,1.03,230.4,1.05,70%,147.3,0.80,0.20,0.18,0.14,31%,,,23,467,446,119,104,82
CN,whzy,BLG,https://www.vlr.gg/player/4885/whzy,(+3),259,1.02,224.9,1.05,73%,143.7,0.78,0.25,0.16,0.14,22%,,,23,203,194,65,41,37
CN,yosemite,WOL,https://www.vlr.gg/player/6022/yosemite,(+2),253,1.01,202.3,1.01,69%,130.9,0.73,0.17,0.07,0.08,31%,,,31,185,184,44,18,20
CN,coconut,JDG,https://www.vlr.gg/player/12365/coconut,(+1),438,1.00,183.4,0.91,70%,123.1,0.63,0.38,0.05,0.06,30%,,,23,274,300,168,23,28
CN,stew,JDG,https://www.vlr.gg/player/16924/stew,(+4),438,1.00,203.0,0.97,74%,132.1,0.73,0.37,0.09,0.08,29%,,,31,320,329,164,39,35
CN,Flex1n,DRG,https://www.vlr.gg/player/4705/flex1n,(+1),581,1.00,179.7,0.93,75%,115.3,0.63,0.45,0.05,0.07,25%,,,21,366,394,261,29,42
CN,iamgrq,AG,https://www.vlr.gg/player/58959/iamgrq,(+1),523,0.99,191.9,0.91,76%,125.2,0.66,0.47,0.07,0.09,22%,,,26,346,380,244,34,42
CN,Dynamite,TEC,https://www.vlr.gg/player/42235/dynamite,,425,0.99,210.3,0.98,71%,139.2,0.71,0.24,0.13,0.17,22%,,,25,301,308,103,54,71
CN,Xlele,TE,https://www.vlr.gg/player/54487/xlele,(+2),406,0.98,210.7,1.02,73%,130.3,0.75,0.24,0.11,0.11,33%,,,26,306,299,99,39,41
CN,yilai,BLG,https://www.vlr.gg/player/62947/yilai,(+1),259,0.98,215.9,1.01,70%,137.3,0.76,0.27,0.13,0.16,24%,,,27,197,195,70,33,41
CN,K1ra,AG,https://www.vlr.gg/player/46748/k1ra,(+2),523,0.97,204.6,0.97,70%,132.1,0.69,0.21,0.12,0.10,23%,,,22,363,373,110,60,48
CN,Scales,TYL,https://www.vlr.gg/player/39485/scales,(+1),517,0.97,196.0,0.97,73%,131.7,0.68,0.22,0.12,0.08,29%,,,31,354,366,116,59,40
CN,rushia,BLG,https://www.vlr.gg/player/48878/rushia,,259,0.96,201.8,0.94,74%,139.5,0.68,0.30,0.09,0.07,21%,,,29,176,187,78,24,19
CN,qiutiaN,NOVA,https://www.vlr.gg/player/43007/qiutian,(+2),207,0.96,187.7,0.91,69%,126.9,0.67,0.28,0.08,0.05,25%,,,23,138,151,57,17,11
CN,Ezeir,NOVA,https://www.vlr.gg/player/46460/ezeir,,207,0.95,188.9,0.85,73%,123.4,0.63,0.38,0.06,0.05,26%,,,17,131,155,79,13,10
CN,Rarga,XLG,https://www.vlr.gg/player/22047/rarga,(+2),639,0.95,222.0,1.04,71%,136.8,0.77,0.21,0.19,0.15,25%,,,25,491,474,136,124,96
CN,Abo,TE,https://www.vlr.gg/player/5011/abo,(+1),406,0.95,177.6,0.91,69%,180.4,0.62,0.20,0.06,0.08,28%,,,23,251,275,83,23,30
CN,nobody,EDG,https://www.vlr.gg/player/3017/nobody,(+1),554,0.94,172.1,0.91,73%,113.0,0.58,0.37,0.05,0.09,26%,,,20,324,356,206,30,48
CN,Jieni7,EDG,https://www.vlr.gg/player/51244/jieni7,(+2),554,0.94,187.4,0.95,74%,120.8,0.66,0.35,0.08,0.08,25%,,,23,365,384,192,42,45
CN,Spitfires,TEC,https://www.vlr.gg/player/4881/spitfires,,425,0.93,201.3,0.96,68%,130.1,0.71,0.20,0.15,0.12,28%,,,26,302,314,86,63,52
CN,KovaQ,FPX,https://www.vlr.gg/player/7987/kovaq,,262,0.92,184.7,0.97,73%,125.0,0.66,0.23,0.06,0.08,27%,,,20,174,180,60,15,18
CN,Setrod,FPX,https://www.vlr.gg/player/50025/setrod,,262,0.91,194.4,0.94,69%,120.7,0.68,0.16,0.13,0.16,23%,,,21,179,191,42,31,37
CN,jkuro,JDG,https://www.vlr.gg/player/3519/jkuro,(+2),438,0.90,172.4,0.88,71%,112.1,0.62,0.36,0.05,0.09,33%,,,22,273,312,156,24,41
CN,NoMan,XLG,https://www.vlr.gg/player/11527/noman,(+3),639,0.90,181.1,0.93,72%,115.6,0.63,0.27,0.10,0.13,29%,,,22,405,436,171,66,84
CN,swagzor,NOVA,https://www.vlr.gg/player/45492/swagzor,,207,0.89,213.8,0.92,68%,141.3,0.74,0.22,0.21,0.23,30%,,,26,154,168,45,43,47
CN,Yuicaw,JDG,https://www.vlr.gg/player/11218/yuicaw,(+2),438,0.89,189.5,0.86,67%,123.0,0.65,0.24,0.13,0.14,30%,,,26,283,329,105,57,60
CN,jowa,WOL,https://www.vlr.gg/player/19292/jowa,(+3),253,0.89,158.1,0.74,73%,107.3,0.53,0.40,0.07,0.09,31%,,,17,133,180,102,17,24
CN,Life,DRG,https://www.vlr.gg/player/3028/life,,581,0.87,204.1,0.89,69%,131.3,0.69,0.19,0.16,0.17,37%,,,26,400,449,112,91,98
CN,glacier,WOL,https://www.vlr.gg/player/49973/glacier,,253,0.87,206.3,0.85,69%,130.9,0.70,0.21,0.19,0.21,29%,,,19,176,208,53,48,53
CN,Haodong,TEC,https://www.vlr.gg/player/4720/haodong,(+2),425,0.87,169.7,0.86,70%,111.1,0.60,0.30,0.07,0.09,31%,,,19,255,297,128,28,39
CN,SiuFatBB,WOL,https://www.vlr.gg/player/7849/siufatbb,(+1),253,0.86,152.6,0.78,69%,103.5,0.53,0.30,0.03,0.07,32%,,,23,134,172,75,8,17
CN,GuanG,NOVA,https://www.vlr.gg/player/41054/guang,(+3),207,0.86,166.2,0.84,65%,110.2,0.61,0.10,0.10,0.09,29%,,,21,126,150,20,20,18
CN,Ben1Ley,FPX,https://www.vlr.gg/player/55823/ben1ley,,262,0.85,187.1,0.89,67%,126.6,0.65,0.18,0.11,0.15,26%,,,23,170,191,47,26,36
CN,sword9,TYL,https://www.vlr.gg/player/3049/sword9,(+1),517,0.84,152.4,0.80,70%,105.2,0.53,0.28,0.04,0.06,23%,,,21,276,346,147,20,31
CN,Viva,TE,https://www.vlr.gg/player/36415/viva,(+1),406,0.83,163.3,0.76,71%,113.5,0.53,0.30,0.07,0.10,26%,,,18,217,286,123,24,35
CN,Bai,AG,https://www.vlr.gg/player/52101/bai,,124,0.80,179.5,0.78,71%,117.3,0.61,0.23,0.07,0.14,16%,,,18,76,97,29,9,17
CN,GREEN,NOVA,https://www.vlr.gg/player/34181/green,(+1),207,0.77,157.0,0.68,67%,105.4,0.51,0.29,0.06,0.07,31%,,,16,106,155,61,13,15
CN,BerLIN,FPX,https://www.vlr.gg/player/7857/berlin,,262,0.76,161.0,0.78,72%,133.7,0.55,0.39,0.06,0.11,25%,,,22,145,187,102,13,27
CN,Youze,AG,https://www.vlr.gg/player/46040/youze,,293,0.76,174.7,0.76,62%,109.7,0.59,0.22,0.12,0.18,21%,,,18,174,229,63,30,45
CN,Septem7,AG,https://www.vlr.gg/player/3031/septem7,,106,0.70,138.8,0.61,75%,90.8,0.46,0.30,0.08,0.09,26%,,,16,49,80,32,8,10
